count,id_user,most_preferred,arial,avantgarde,avenir_next,calibri,franklin_gothic,garamond,helvetica,lato,montserrat,noto_sans,open_sans,oswald,poynter_gothic_text,roboto,times,utopia,MAX,MAX user,MIN user,DIFF user,MOST user,preferred_fastest,noto_fastest,times_fastest,max-most_preferred,random1,random2,random3
1,82,utopia,170.3333333,0.0,0.0,184.6666667,0.0,0.0,0.0,0.0,0.0,167.0,0.0,0.0,0.0,0.0,133.75,150.25,631,184.6666667,133.75,50.91666670000001,150.25,B,B,C,34.41666670000001,170.3333333,184.6666667,0
2,83,helvetica,308.0,0.0,0.0,273.5,0.0,0.0,316.25,0.0,0.0,309.5,0.0,0.0,0.0,0.0,309.75,0.0,631,316.25,273.5,42.75,316.25,A,B,B,0.0,308.0,273.5,0
3,85,montserrat,251.5,0.0,0.0,312.5,0.0,0.0,0.0,0.0,272.5,226.5,0.0,0.0,0.0,0.0,260.0,0.0,631,312.5,226.5,86.0,272.5,B,C,B,40.0,251.5,312.5,0
4,86,avantgarde,533.0,480.0,0.0,551.0,0.0,0.0,0.0,0.0,0.0,504.5,0.0,0.0,0.0,0.0,557.0,0.0,631,557.0,480.0,77.0,480.0,C,B,A,77.0,533.0,551.0,0
5,87,helvetica,283.25,0.0,0.0,265.25,0.0,0.0,258.5,0.0,0.0,250.25,0.0,0.0,0.0,0.0,271.75,0.0,631,283.25,250.25,33.0,258.5,B,C,B,24.75,283.25,265.25,0
6,88,calibri,489.3333333,0.0,0.0,441.5,0.0,0.0,0.0,0.0,0.0,428.0,0.0,0.0,0.0,405.6666667,413.6666667,0.0,631,489.3333333,405.6666667,83.66666659999999,441.5,B,B,B,47.83333329999999,489.3333333,405.6666667,0
7,89,avenir_next,230.25,0.0,237.5,196.5,0.0,0.0,0.0,0.0,0.0,189.25,0.0,0.0,0.0,0.0,231.0,0.0,631,237.5,189.25,48.25,237.5,A,C,B,0.0,230.25,196.5,0
8,93,oswald,157.25,0.0,0.0,184.0,0.0,0.0,0.0,0.0,0.0,175.0,0.0,216.0,0.0,0.0,176.5,0.0,631,216.0,157.25,58.75,216.0,A,B,B,0.0,157.25,184.0,0
9,94,open_sans,187.0,0.0,0.0,168.5,0.0,0.0,0.0,0.0,0.0,185.75,194.0,0.0,0.0,0.0,178.5,0.0,631,194.0,168.5,25.5,194.0,A,B,B,0.0,187.0,168.5,0
10,95,noto_sans,249.75,0.0,0.0,236.25,0.0,0.0,0.0,0.0,0.0,257.0,0.0,0.0,0.0,274.75,249.5,0.0,631,274.75,236.25,38.5,257.0,B,B,B,17.75,249.75,236.25,274.75
11,96,garamond,306.25,0.0,0.0,276.0,0.0,308.0,0.0,0.0,0.0,304.5,0.0,0.0,0.0,0.0,250.25,0.0,631,308.0,250.25,57.75,308.0,A,B,C,0.0,306.25,276.0,0
12,97,roboto,149.5,0.0,0.0,168.0,0.0,0.0,0.0,0.0,0.0,164.25,0.0,0.0,0.0,162.75,157.5,0.0,631,168.0,149.5,18.5,162.75,B,B,B,5.25,149.5,168.0,0
13,100,helvetica,241.25,0.0,0.0,222.0,0.0,0.0,242.75,0.0,0.0,244.25,0.0,0.0,0.0,0.0,232.0,0.0,631,244.25,222.0,22.25,242.75,B,A,B,1.5,241.25,222.0,0
14,101,garamond,452.75,0.0,0.0,456.0,0.0,437.75,0.0,0.0,0.0,366.5,0.0,0.0,0.0,0.0,464.5,0.0,631,464.5,366.5,98.0,437.75,B,C,A,26.75,452.75,456.0,0
15,102,helvetica,177.0,0.0,0.0,161.0,0.0,0.0,183.0,0.0,0.0,163.5,0.0,0.0,0.0,0.0,166.75,0.0,631,183.0,161.0,22.0,183.0,A,B,B,0.0,177.0,161.0,0
16,106,garamond,322.5,0.0,0.0,306.0,0.0,341.25,0.0,0.0,0.0,332.5,0.0,0.0,0.0,0.0,336.75,0.0,631,341.25,306.0,35.25,341.25,A,B,B,0.0,322.5,306.0,0
17,107,avenir_next,223.5,0.0,234.0,232.5,0.0,0.0,0.0,0.0,0.0,201.75,0.0,0.0,0.0,0.0,191.25,0.0,631,234.0,191.25,42.75,234.0,A,B,C,0.0,223.5,232.5,0
18,110,open_sans,185.5,0.0,0.0,170.3333333,0.0,0.0,0.0,0.0,0.0,202.0,222.0,0.0,0.0,0.0,239.75,0.0,631,239.75,170.3333333,69.41666670000001,222.0,B,B,A,17.75,185.5,170.3333333,0
19,111,calibri,198.5,0.0,0.0,218.0,0.0,0.0,0.0,0.0,0.0,199.25,0.0,0.0,0.0,209.0,189.0,0.0,631,218.0,189.0,29.0,218.0,A,B,C,0.0,198.5,209.0,0
20,112,oswald,302.0,0.0,0.0,376.3333333,0.0,0.0,0.0,0.0,0.0,465.6666667,0.0,297.75,0.0,0.0,520.0,0.0,631,520.0,297.75,222.25,297.75,C,B,A,222.25,302.0,376.3333333,0
21,113,garamond,260.0,0.0,0.0,269.25,0.0,268.25,0.0,0.0,0.0,274.5,0.0,0.0,0.0,0.0,252.0,0.0,631,274.5,252.0,22.5,268.25,B,A,C,6.25,260.0,269.25,0
22,114,open_sans,220.6666667,0.0,0.0,170.0,0.0,0.0,0.0,0.0,0.0,174.25,196.0,0.0,0.0,0.0,212.25,0.0,631,220.6666667,170.0,50.66666670000001,196.0,B,B,B,24.666666700000007,220.6666667,170.0,0
23,115,franklin_gothic,189.0,0.0,0.0,218.75,205.75,0.0,0.0,0.0,0.0,219.5,0.0,0.0,0.0,0.0,206.0,0.0,631,219.5,189.0,30.5,205.75,B,A,B,13.75,189.0,218.75,0
24,117,helvetica,381.25,0.0,0.0,392.3333333,0.0,0.0,332.5,0.0,0.0,364.5,0.0,0.0,0.0,0.0,241.75,0.0,631,392.3333333,241.75,150.5833333,332.5,B,B,C,59.83333329999999,381.25,392.3333333,0
25,118,helvetica,215.25,0.0,0.0,252.25,0.0,0.0,220.75,0.0,0.0,205.0,0.0,0.0,0.0,0.0,222.75,0.0,631,252.25,205.0,47.25,220.75,B,C,B,31.5,215.25,252.25,0
26,119,noto_sans,219.5,0.0,0.0,266.75,0.0,0.0,0.0,0.0,0.0,237.5,0.0,0.0,0.0,280.0,237.5,0.0,631,280.0,219.5,60.5,237.5,B,B,B,42.5,219.5,266.75,280.0
27,120,helvetica,273.0,0.0,0.0,281.25,0.0,0.0,251.75,0.0,0.0,283.75,0.0,0.0,0.0,0.0,270.75,0.0,631,283.75,251.75,32.0,251.75,C,A,B,32.0,273.0,281.25,0
28,121,garamond,234.25,0.0,0.0,212.5,0.0,198.0,0.0,0.0,0.0,251.25,0.0,0.0,0.0,0.0,222.25,0.0,631,251.25,198.0,53.25,198.0,C,A,B,53.25,234.25,212.5,0
29,123,avenir_next,221.5,0.0,235.75,258.25,0.0,0.0,0.0,0.0,0.0,224.0,0.0,0.0,0.0,0.0,251.75,0.0,631,258.25,221.5,36.75,235.75,B,B,B,22.5,221.5,258.25,0
30,124,lato,459.0,0.0,0.0,450.0,0.0,0.0,0.0,328.0,0.0,374.25,0.0,0.0,0.0,0.0,323.75,0.0,631,459.0,323.75,135.25,328.0,B,B,C,131.0,459.0,450.0,0
31,126,arial,164.3333333,0.0,0.0,197.5,0.0,0.0,0.0,0.0,0.0,218.5,0.0,0.0,0.0,181.0,184.75,0.0,631,218.5,164.3333333,54.16666670000001,164.3333333,C,A,B,54.16666670000001,197.5,181.0,0
32,127,montserrat,322.5,0.0,0.0,307.0,0.0,0.0,0.0,0.0,310.0,272.0,0.0,0.0,0.0,0.0,248.25,0.0,631,322.5,248.25,74.25,310.0,B,B,C,12.5,322.5,307.0,0
33,128,noto_sans,157.5,0.0,0.0,174.0,0.0,0.0,0.0,0.0,0.0,136.25,0.0,0.0,0.0,148.3333333,145.3333333,0.0,631,174.0,136.25,37.75,136.25,C,C,B,37.75,157.5,174.0,148.3333333
34,129,roboto,282.5,0.0,0.0,312.0,0.0,0.0,0.0,0.0,0.0,320.0,0.0,0.0,0.0,278.0,254.75,0.0,631,320.0,254.75,65.25,278.0,B,A,C,42.0,282.5,312.0,0
35,130,lato,215.75,0.0,0.0,232.0,0.0,0.0,0.0,259.75,0.0,215.75,0.0,0.0,0.0,0.0,217.0,0.0,631,259.75,215.75,44.0,259.75,A,C,B,0.0,215.75,232.0,0
36,132,open_sans,245.5,0.0,0.0,254.75,0.0,0.0,0.0,0.0,0.0,245.0,219.0,0.0,0.0,0.0,225.75,0.0,631,254.75,219.0,35.75,219.0,C,B,B,35.75,245.5,254.75,0
37,134,montserrat,174.0,0.0,0.0,188.25,0.0,0.0,0.0,0.0,185.75,172.0,0.0,0.0,0.0,0.0,169.0,0.0,631,188.25,169.0,19.25,185.75,B,B,C,2.5,174.0,188.25,0
38,136,open_sans,246.5,0.0,0.0,289.75,0.0,0.0,0.0,0.0,0.0,255.5,277.75,0.0,0.0,0.0,264.25,0.0,631,289.75,246.5,43.25,277.75,B,B,B,12.0,246.5,289.75,0
39,138,times,231.5,0.0,0.0,188.25,0.0,0.0,0.0,0.0,0.0,183.5,0.0,0.0,0.0,189.0,239.1666667,0.0,631,239.1666667,183.5,55.66666670000001,239.1666667,A,C,A,0.0,231.5,188.25,189.0
40,141,avenir_next,290.25,0.0,196.0,281.5,0.0,0.0,0.0,0.0,0.0,243.5,0.0,0.0,0.0,0.0,223.5,0.0,631,290.25,196.0,94.25,196.0,C,B,B,94.25,290.25,281.5,0
41,144,helvetica,305.5,0.0,0.0,335.25,0.0,0.0,280.75,0.0,0.0,340.5,0.0,0.0,0.0,0.0,353.5,0.0,631,353.5,280.75,72.75,280.75,C,B,A,72.75,305.5,335.25,0
42,145,noto_sans,322.5,0.0,0.0,455.25,0.0,0.0,0.0,0.0,0.0,378.1666667,0.0,0.0,0.0,439.25,444.0,0.0,631,455.25,322.5,132.75,378.1666667,B,B,B,77.08333329999999,322.5,455.25,439.25
43,147,helvetica,209.25,0.0,0.0,192.5,0.0,0.0,197.75,0.0,0.0,201.75,0.0,0.0,0.0,0.0,219.75,0.0,631,219.75,192.5,27.25,197.75,B,B,A,22.0,209.25,192.5,0
44,148,helvetica,154.25,0.0,0.0,149.5,0.0,0.0,158.0,0.0,0.0,162.75,0.0,0.0,0.0,0.0,183.0,0.0,631,183.0,149.5,33.5,158.0,B,B,A,25.0,154.25,149.5,0
45,149,open_sans,262.5,0.0,0.0,296.75,0.0,0.0,0.0,0.0,0.0,264.75,276.25,0.0,0.0,0.0,262.75,0.0,631,296.75,262.5,34.25,276.25,B,B,B,20.5,262.5,296.75,0
46,150,calibri,248.75,0.0,0.0,232.0,0.0,0.0,0.0,0.0,0.0,236.25,0.0,0.0,0.0,246.75,281.75,0.0,631,281.75,232.0,49.75,232.0,C,B,A,49.75,248.75,246.75,0
47,151,avenir_next,230.6666667,0.0,151.25,148.25,0.0,0.0,0.0,0.0,0.0,209.0,0.0,0.0,0.0,0.0,184.5,0.0,631,230.6666667,148.25,82.41666670000001,151.25,B,B,B,79.41666670000001,230.6666667,148.25,0
48,153,arial,148.75,0.0,0.0,144.5,0.0,0.0,0.0,0.0,0.0,159.25,0.0,0.0,0.0,151.5,159.0,0.0,631,159.25,144.5,14.75,148.75,B,A,B,10.5,144.5,151.5,0
49,157,utopia,460.75,0.0,0.0,328.0,0.0,0.0,0.0,0.0,0.0,559.5,0.0,0.0,0.0,0.0,348.75,499.5,631,559.5,328.0,231.5,499.5,B,A,B,60.0,460.75,328.0,0
50,158,times,272.0,0.0,0.0,304.75,0.0,0.0,0.0,0.0,0.0,214.0,0.0,0.0,0.0,318.0,213.5,0.0,631,318.0,213.5,104.5,213.5,C,B,C,104.5,272.0,304.75,318.0
51,159,arial,196.5,0.0,0.0,268.0,0.0,0.0,0.0,0.0,0.0,224.0,0.0,0.0,0.0,241.25,254.5,0.0,631,268.0,196.5,71.5,196.5,C,B,B,71.5,268.0,241.25,0
52,164,oswald,175.0,0.0,0.0,219.0,0.0,0.0,0.0,0.0,0.0,195.0,0.0,211.0,0.0,0.0,179.25,0.0,631,219.0,175.0,44.0,211.0,B,B,B,8.0,175.0,219.0,0
53,165,avenir_next,248.75,0.0,230.75,214.5,0.0,0.0,0.0,0.0,0.0,250.75,0.0,0.0,0.0,0.0,257.0,0.0,631,257.0,214.5,42.5,230.75,B,B,A,26.25,248.75,214.5,0
54,167,times,222.0,0.0,0.0,246.5,0.0,0.0,0.0,0.0,0.0,233.0,0.0,0.0,0.0,232.0,254.0,0.0,631,254.0,222.0,32.0,254.0,A,B,A,0.0,222.0,246.5,232.0
55,170,utopia,300.75,0.0,0.0,275.0,0.0,0.0,0.0,0.0,0.0,231.25,0.0,0.0,0.0,0.0,192.25,273.75,631,300.75,192.25,108.5,273.75,B,B,C,27.0,300.75,275.0,0
56,172,avenir_next,189.25,0.0,176.5,176.3333333,0.0,0.0,0.0,0.0,0.0,209.0,0.0,0.0,0.0,0.0,177.0,0.0,631,209.0,176.3333333,32.66666670000001,176.5,B,A,B,32.5,189.25,176.3333333,0
57,173,noto_sans,356.75,0.0,0.0,378.75,0.0,0.0,0.0,0.0,0.0,365.6666667,0.0,0.0,0.0,371.5,406.75,0.0,631,406.75,356.75,50.0,365.6666667,B,B,A,41.08333329999999,356.75,378.75,371.5
58,174,times,248.0,0.0,0.0,240.0,0.0,0.0,0.0,0.0,0.0,249.0,0.0,0.0,0.0,261.25,246.375,0.0,631,261.25,240.0,21.25,246.375,B,B,B,14.875,248.0,240.0,261.25
59,177,noto_sans,265.5,0.0,0.0,233.5,0.0,0.0,0.0,0.0,0.0,270.8333333,0.0,0.0,0.0,235.75,278.5,0.0,631,278.5,233.5,45.0,270.8333333,B,B,A,7.6666667000000075,265.5,233.5,235.75
60,179,helvetica,300.5,0.0,0.0,311.75,0.0,0.0,342.5,0.0,0.0,275.5,0.0,0.0,0.0,0.0,239.5,0.0,631,342.5,239.5,103.0,342.5,A,B,C,0.0,300.5,311.75,0
61,180,times,284.25,0.0,0.0,469.5,0.0,0.0,0.0,0.0,0.0,307.0,0.0,0.0,0.0,473.0,458.375,0.0,631,473.0,284.25,188.75,458.375,B,B,B,14.625,284.25,469.5,473.0
62,183,avenir_next,445.75,0.0,387.25,398.5,0.0,0.0,0.0,0.0,0.0,426.5,0.0,0.0,0.0,0.0,386.25,0.0,631,445.75,386.25,59.5,387.25,B,B,C,58.5,445.75,398.5,0
63,186,avenir_next,265.75,0.0,358.0,312.25,0.0,0.0,0.0,0.0,0.0,287.0,0.0,0.0,0.0,0.0,355.75,0.0,631,358.0,265.75,92.25,358.0,A,B,B,0.0,265.75,312.25,0
64,187,garamond,191.5,0.0,0.0,174.5,0.0,199.5,0.0,0.0,0.0,161.25,0.0,0.0,0.0,0.0,173.5,0.0,631,199.5,161.25,38.25,199.5,A,C,B,0.0,191.5,174.5,0
65,189,poynter_gothic_text,389.25,0.0,0.0,397.0,0.0,0.0,0.0,0.0,0.0,369.5,0.0,0.0,418.75,0.0,388.6666667,0.0,631,418.75,369.5,49.25,418.75,A,C,B,0.0,389.25,397.0,0
66,190,noto_sans,302.0,0.0,0.0,269.5,0.0,0.0,0.0,0.0,0.0,303.1666667,0.0,0.0,0.0,290.0,320.5,0.0,631,320.5,269.5,51.0,303.1666667,B,B,A,17.333333299999993,302.0,269.5,290.0
67,192,times,270.0,0.0,0.0,337.75,0.0,0.0,0.0,0.0,0.0,359.0,0.0,0.0,0.0,315.75,315.6666667,0.0,631,359.0,270.0,89.0,315.6666667,B,A,B,43.33333329999999,270.0,337.75,315.75
68,198,times,154.5,0.0,0.0,244.0,0.0,0.0,0.0,0.0,0.0,129.0,0.0,0.0,0.0,165.0,154.0,0.0,631,244.0,129.0,115.0,154.0,B,C,B,90.0,154.5,244.0,165.0
69,200,times,227.25,0.0,0.0,235.75,0.0,0.0,0.0,0.0,0.0,209.0,0.0,0.0,0.0,182.0,238.3333333,0.0,631,238.3333333,182.0,56.33333329999999,238.3333333,A,B,A,0.0,227.25,235.75,182.0
70,201,open_sans,232.0,0.0,0.0,218.25,0.0,0.0,0.0,0.0,0.0,255.75,276.25,0.0,0.0,0.0,181.0,0.0,631,276.25,181.0,95.25,276.25,A,B,C,0.0,232.0,218.25,0
71,204,oswald,390.6666667,0.0,0.0,314.75,0.0,0.0,0.0,0.0,0.0,366.75,0.0,373.5,0.0,0.0,407.75,0.0,631,407.75,314.75,93.0,373.5,B,B,A,34.25,390.6666667,314.75,0
72,207,times,347.5,0.0,0.0,354.0,0.0,0.0,0.0,0.0,0.0,323.5,0.0,0.0,0.0,320.5,389.25,0.0,631,389.25,320.5,68.75,389.25,A,B,A,0.0,347.5,354.0,320.5
73,210,times,250.75,0.0,0.0,209.75,0.0,0.0,0.0,0.0,0.0,176.5,0.0,0.0,0.0,172.5,207.0,0.0,631,250.75,172.5,78.25,207.0,B,B,B,43.75,250.75,209.75,172.5
74,211,times,177.0,0.0,0.0,193.5,0.0,0.0,0.0,0.0,0.0,174.0,0.0,0.0,0.0,185.75,187.5,0.0,631,193.5,174.0,19.5,187.5,B,C,B,6.0,177.0,193.5,185.75
75,212,calibri,208.25,0.0,0.0,203.25,0.0,0.0,0.0,0.0,0.0,194.0,0.0,0.0,0.0,217.0,192.75,0.0,631,217.0,192.75,24.25,203.25,B,B,C,13.75,208.25,217.0,0
76,213,calibri,194.5,0.0,0.0,192.5,0.0,0.0,0.0,0.0,0.0,194.75,0.0,0.0,0.0,190.25,170.25,0.0,631,194.75,170.25,24.5,192.5,B,A,C,2.25,194.5,190.25,0
77,214,noto_sans,118.5,0.0,0.0,127.0,0.0,0.0,0.0,0.0,0.0,132.5714286,0.0,0.0,0.0,180.0,141.6666667,0.0,631,180.0,118.5,61.5,132.5714286,B,B,B,47.42857140000001,118.5,127.0,180.0
78,216,helvetica,262.0,0.0,0.0,294.5,0.0,0.0,251.5,0.0,0.0,269.5,0.0,0.0,0.0,0.0,246.25,0.0,631,294.5,246.25,48.25,251.5,B,B,C,43.0,262.0,294.5,0
79,219,helvetica,208.5,0.0,0.0,232.0,0.0,0.0,221.75,0.0,0.0,233.25,0.0,0.0,0.0,0.0,257.75,0.0,631,257.75,208.5,49.25,221.75,B,B,A,36.0,208.5,232.0,0
80,220,times,280.5,0.0,0.0,194.5,0.0,0.0,0.0,0.0,0.0,222.5,0.0,0.0,0.0,205.5,274.375,0.0,631,280.5,194.5,86.0,274.375,B,B,B,6.125,280.5,194.5,205.5
81,222,oswald,220.5,0.0,0.0,189.75,0.0,0.0,0.0,0.0,0.0,206.75,0.0,190.75,0.0,0.0,193.5,0.0,631,220.5,189.75,30.75,190.75,B,B,B,29.75,220.5,189.75,0
82,223,times,187.3333333,0.0,0.0,176.3333333,0.0,0.0,0.0,0.0,0.0,160.0,0.0,0.0,0.0,0.0,192.2,0.0,631,192.2,160.0,32.19999999999999,192.2,A,C,A,0.0,187.3333333,176.3333333,0
83,228,arial,544.0,0.0,0.0,472.0,0.0,0.0,0.0,0.0,0.0,516.3333333,0.0,0.0,0.0,563.5,507.5,0.0,631,563.5,472.0,91.5,544.0,B,B,B,19.5,472.0,563.5,0
84,230,noto_sans,395.25,0.0,0.0,392.5,0.0,0.0,0.0,0.0,0.0,255.375,0.0,0.0,0.0,351.75,494.0,0.0,631,494.0,255.375,238.625,255.375,C,C,A,238.625,395.25,392.5,351.75
85,231,noto_sans,250.0,0.0,0.0,236.5,0.0,0.0,0.0,0.0,0.0,226.5,0.0,0.0,0.0,198.0,222.5,0.0,631,250.0,198.0,52.0,226.5,B,B,B,23.5,250.0,236.5,198.0
86,234,roboto,206.75,0.0,0.0,234.5,0.0,0.0,0.0,0.0,0.0,227.25,0.0,0.0,0.0,205.5,213.75,0.0,631,234.5,205.5,29.0,205.5,C,B,B,29.0,206.75,234.5,0
87,235,noto_sans,182.0,0.0,0.0,189.0,0.0,0.0,0.0,0.0,0.0,156.8,0.0,0.0,0.0,205.0,218.0,0.0,631,218.0,156.8,61.19999999999999,156.8,C,C,A,61.19999999999999,182.0,189.0,205.0
88,238,arial,281.25,0.0,0.0,291.25,0.0,0.0,0.0,0.0,0.0,276.25,0.0,0.0,0.0,284.5,294.5,0.0,631,294.5,276.25,18.25,281.25,B,C,A,13.25,291.25,284.5,0
89,240,arial,354.0,0.0,0.0,381.25,0.0,0.0,0.0,0.0,0.0,394.5,0.0,0.0,0.0,376.5,383.0,0.0,631,394.5,354.0,40.5,354.0,C,A,B,40.5,381.25,376.5,0
90,243,utopia,416.25,0.0,0.0,419.5,0.0,0.0,0.0,0.0,0.0,397.0,0.0,0.0,0.0,0.0,369.75,316.6666667,631,419.5,316.6666667,102.83333329999999,316.6666667,C,B,B,102.83333329999999,416.25,419.5,0
91,246,times,135.0,0.0,0.0,154.0,0.0,0.0,0.0,0.0,0.0,163.75,0.0,0.0,0.0,161.25,146.1666667,0.0,631,163.75,135.0,28.75,146.1666667,B,A,B,17.583333299999993,135.0,154.0,161.25
92,247,helvetica,197.5,0.0,0.0,202.5,0.0,0.0,232.75,0.0,0.0,237.0,0.0,0.0,0.0,0.0,198.75,0.0,631,237.0,197.5,39.5,232.75,B,A,B,4.25,197.5,202.5,0
93,248,avenir_next,237.5,0.0,262.75,308.75,0.0,0.0,0.0,0.0,0.0,284.0,0.0,0.0,0.0,0.0,270.25,0.0,631,308.75,237.5,71.25,262.75,B,B,B,46.0,237.5,308.75,0
94,249,noto_sans,296.5,0.0,0.0,234.5,0.0,0.0,0.0,0.0,0.0,259.6666667,0.0,0.0,0.0,277.5,214.25,0.0,631,296.5,214.25,82.25,259.6666667,B,B,C,36.83333329999999,296.5,234.5,277.5
95,250,avenir_next,169.5,0.0,157.25,167.5,0.0,0.0,0.0,0.0,0.0,144.6666667,0.0,0.0,0.0,0.0,139.0,0.0,631,169.5,139.0,30.5,157.25,B,B,C,12.25,169.5,167.5,0
96,251,avenir_next,331.0,0.0,321.75,378.5,0.0,0.0,0.0,0.0,0.0,364.75,0.0,0.0,0.0,0.0,373.5,0.0,631,378.5,321.75,56.75,321.75,C,B,B,56.75,331.0,378.5,0
97,252,avantgarde,147.0,180.3333333,0.0,152.3333333,0.0,0.0,0.0,0.0,0.0,163.6666667,0.0,0.0,0.0,0.0,259.25,0.0,631,259.25,147.0,112.25,180.3333333,B,B,A,78.91666670000001,147.0,152.3333333,0
98,254,noto_sans,278.5,0.0,0.0,324.0,0.0,0.0,0.0,0.0,0.0,265.75,0.0,0.0,0.0,279.0,272.0,0.0,631,324.0,265.75,58.25,265.75,C,C,B,58.25,278.5,324.0,279.0
99,255,utopia,259.25,0.0,0.0,272.5,0.0,0.0,0.0,0.0,0.0,279.25,0.0,0.0,0.0,0.0,279.25,263.5,631,279.25,259.25,20.0,263.5,B,A,A,15.75,259.25,272.5,0
100,257,helvetica,180.75,0.0,0.0,212.75,0.0,0.0,223.25,0.0,0.0,207.5,0.0,0.0,0.0,0.0,227.5,0.0,631,227.5,180.75,46.75,223.25,B,B,A,4.25,180.75,212.75,0
101,258,times,504.0,0.0,0.0,424.25,0.0,0.0,0.0,0.0,0.0,369.0,0.0,0.0,0.0,448.0,395.5,0.0,631,504.0,369.0,135.0,395.5,B,C,B,108.5,504.0,424.25,448.0
102,261,garamond,356.75,0.0,0.0,305.0,0.0,357.3333333,0.0,0.0,0.0,364.75,0.0,0.0,0.0,0.0,319.0,0.0,631,364.75,305.0,59.75,357.3333333,B,A,B,7.4166667000000075,356.75,305.0,0
103,264,times,290.0,0.0,0.0,242.0,0.0,0.0,0.0,0.0,0.0,232.5,0.0,0.0,0.0,221.5,260.8333333,0.0,631,290.0,221.5,68.5,260.8333333,B,B,B,29.166666700000007,290.0,242.0,221.5
104,265,times,238.0,0.0,0.0,207.5,0.0,0.0,0.0,0.0,0.0,236.0,0.0,0.0,0.0,233.5,214.5,0.0,631,238.0,207.5,30.5,214.5,B,B,B,23.5,238.0,207.5,233.5
105,267,noto_sans,271.0,0.0,0.0,326.25,0.0,0.0,0.0,0.0,0.0,309.75,0.0,0.0,0.0,363.5,317.0,0.0,631,363.5,271.0,92.5,309.75,B,B,B,53.75,271.0,326.25,363.5
106,268,noto_sans,153.25,0.0,0.0,156.0,0.0,0.0,0.0,0.0,0.0,144.8333333,0.0,0.0,0.0,156.75,151.75,0.0,631,156.75,144.8333333,11.916666700000007,144.8333333,C,C,B,11.916666700000007,153.25,156.0,156.75
107,270,montserrat,105.0,0.0,0.0,311.5,0.0,0.0,0.0,0.0,267.0,209.5,0.0,0.0,0.0,0.0,368.75,0.0,631,368.75,105.0,263.75,267.0,B,B,A,101.75,105.0,311.5,0
108,271,avenir_next,156.5,0.0,179.3333333,179.25,0.0,0.0,0.0,0.0,0.0,139.5,0.0,0.0,0.0,0.0,167.25,0.0,631,179.3333333,139.5,39.83333329999999,179.3333333,A,C,B,0.0,156.5,179.25,0
109,272,open_sans,340.25,0.0,0.0,421.0,0.0,0.0,0.0,0.0,0.0,362.75,331.25,0.0,0.0,0.0,293.5,0.0,631,421.0,293.5,127.5,331.25,B,B,C,89.75,340.25,421.0,0
110,273,avenir_next,232.75,0.0,261.75,288.75,0.0,0.0,0.0,0.0,0.0,271.5,0.0,0.0,0.0,0.0,253.5,0.0,631,288.75,232.75,56.0,261.75,B,B,B,27.0,232.75,288.75,0
111,275,garamond,333.25,0.0,0.0,306.75,0.0,326.25,0.0,0.0,0.0,295.0,0.0,0.0,0.0,0.0,299.3333333,0.0,631,333.25,295.0,38.25,326.25,B,C,B,7.0,333.25,306.75,0
112,276,avantgarde,306.0,277.5,0.0,303.0,0.0,0.0,0.0,0.0,0.0,292.25,0.0,0.0,0.0,0.0,245.0,0.0,631,306.0,245.0,61.0,277.5,B,B,C,28.5,306.0,303.0,0
113,277,arial,423.75,0.0,0.0,412.5,0.0,0.0,0.0,0.0,0.0,392.0,0.0,0.0,0.0,415.5,365.0,0.0,631,423.75,365.0,58.75,423.75,A,B,C,0.0,412.5,415.5,0
114,279,utopia,245.25,0.0,0.0,262.5,0.0,0.0,0.0,0.0,0.0,229.5,0.0,0.0,0.0,0.0,269.75,254.5,631,269.75,229.5,40.25,254.5,B,C,A,15.25,245.25,262.5,0
115,281,calibri,151.5,0.0,0.0,166.75,0.0,0.0,0.0,0.0,0.0,170.5,0.0,0.0,0.0,160.5,163.5,0.0,631,170.5,151.5,19.0,166.75,B,A,B,3.75,151.5,160.5,0
116,282,times,146.75,0.0,0.0,153.5,0.0,0.0,0.0,0.0,0.0,145.5,0.0,0.0,0.0,153.25,155.75,0.0,631,155.75,145.5,10.25,155.75,A,C,A,0.0,146.75,153.5,153.25
117,287,noto_sans,204.0,0.0,0.0,220.75,0.0,0.0,0.0,0.0,0.0,240.0,0.0,0.0,0.0,268.5,270.5,0.0,631,270.5,204.0,66.5,240.0,B,B,A,30.5,204.0,220.75,268.5
118,289,avenir_next,262.25,0.0,368.25,324.5,0.0,0.0,0.0,0.0,0.0,309.5,0.0,0.0,0.0,0.0,367.75,0.0,631,368.25,262.25,106.0,368.25,A,B,B,0.0,262.25,324.5,0
119,291,times,320.0,0.0,0.0,356.0,0.0,0.0,0.0,0.0,0.0,282.75,0.0,0.0,0.0,297.5,288.8333333,0.0,631,356.0,282.75,73.25,288.8333333,B,C,B,67.16666670000001,320.0,356.0,297.5
120,292,calibri,243.5,0.0,0.0,237.0,0.0,0.0,0.0,0.0,0.0,286.75,0.0,0.0,0.0,153.0,298.25,0.0,631,298.25,153.0,145.25,237.0,B,B,A,61.25,243.5,153.0,0
121,293,times,201.0,0.0,0.0,204.0,0.0,0.0,0.0,0.0,0.0,202.75,0.0,0.0,0.0,205.0,208.1666667,0.0,631,208.1666667,201.0,7.1666667000000075,208.1666667,A,B,A,0.0,201.0,204.0,205.0
122,294,oswald,354.25,0.0,0.0,349.0,0.0,0.0,0.0,0.0,0.0,413.0,0.0,318.25,0.0,0.0,341.3333333,0.0,631,413.0,318.25,94.75,318.25,C,A,B,94.75,354.25,349.0,0
123,295,noto_sans,276.0,0.0,0.0,282.25,0.0,0.0,0.0,0.0,0.0,250.6666667,0.0,0.0,0.0,256.5,296.75,0.0,631,296.75,250.6666667,46.08333329999999,250.6666667,C,C,A,46.08333329999999,276.0,282.25,256.5
124,297,times,348.75,0.0,0.0,294.5,0.0,0.0,0.0,0.0,0.0,467.5,0.0,0.0,0.0,416.25,378.8333333,0.0,631,467.5,294.5,173.0,378.8333333,B,A,B,88.66666670000001,348.75,294.5,416.25
125,299,garamond,265.75,0.0,0.0,281.5,0.0,318.25,0.0,0.0,0.0,252.25,0.0,0.0,0.0,0.0,330.25,0.0,631,330.25,252.25,78.0,318.25,B,C,A,12.0,265.75,281.5,0
126,301,oswald,327.25,0.0,0.0,352.25,0.0,0.0,0.0,0.0,0.0,346.25,0.0,350.25,0.0,0.0,319.25,0.0,631,352.25,319.25,33.0,350.25,B,B,C,2.0,327.25,352.25,0
127,303,calibri,188.75,0.0,0.0,155.75,0.0,0.0,0.0,0.0,0.0,188.0,0.0,0.0,0.0,194.0,217.0,0.0,631,217.0,155.75,61.25,155.75,C,B,A,61.25,188.75,194.0,0
128,307,avenir_next,253.0,0.0,403.5,258.6666667,0.0,0.0,0.0,0.0,0.0,276.5,0.0,0.0,0.0,0.0,177.25,0.0,631,403.5,177.25,226.25,403.5,A,B,C,0.0,253.0,258.6666667,0
129,308,helvetica,295.25,0.0,0.0,258.75,0.0,0.0,305.5,0.0,0.0,329.75,0.0,0.0,0.0,0.0,315.5,0.0,631,329.75,258.75,71.0,305.5,B,A,B,24.25,295.25,258.75,0
130,309,garamond,303.25,0.0,0.0,294.25,0.0,271.0,0.0,0.0,0.0,294.25,0.0,0.0,0.0,0.0,277.75,0.0,631,303.25,271.0,32.25,271.0,C,B,B,32.25,303.25,294.25,0
131,311,garamond,314.6666667,0.0,0.0,272.25,0.0,352.5,0.0,0.0,0.0,248.25,0.0,0.0,0.0,0.0,284.5,0.0,631,352.5,248.25,104.25,352.5,A,C,B,0.0,314.6666667,272.25,0
132,312,roboto,164.0,0.0,0.0,173.0,0.0,0.0,0.0,0.0,0.0,140.5,0.0,0.0,0.0,169.75,165.75,0.0,631,173.0,140.5,32.5,169.75,B,C,B,3.25,164.0,173.0,0
133,314,roboto,280.0,0.0,0.0,309.75,0.0,0.0,0.0,0.0,0.0,275.75,0.0,0.0,0.0,317.75,253.75,0.0,631,317.75,253.75,64.0,317.75,A,B,C,0.0,280.0,309.75,0
134,315,noto_sans,152.25,0.0,0.0,197.75,0.0,0.0,0.0,0.0,0.0,168.3333333,0.0,0.0,0.0,182.0,231.5,0.0,631,231.5,152.25,79.25,168.3333333,B,B,A,63.16666670000001,152.25,197.75,182.0
135,316,times,314.5,0.0,0.0,307.0,0.0,0.0,0.0,0.0,0.0,306.25,0.0,0.0,0.0,301.25,317.3333333,0.0,631,317.3333333,301.25,16.083333299999993,317.3333333,A,B,A,0.0,314.5,307.0,301.25
136,317,garamond,275.75,0.0,0.0,333.3333333,0.0,185.3333333,0.0,0.0,0.0,292.0,0.0,0.0,0.0,0.0,282.0,0.0,631,333.3333333,185.3333333,148.0,185.3333333,C,B,B,148.0,275.75,333.3333333,0
137,318,avenir_next,101.0,0.0,0.0,108.0,0.0,0.0,0.0,0.0,0.0,135.0,0.0,0.0,0.0,0.0,110.0,0.0,631,135.0,101.0,34.0,50.0,B,A,B,85.0,101.0,108.0,0
138,319,calibri,262.0,0.0,0.0,262.75,0.0,0.0,0.0,0.0,0.0,350.75,0.0,0.0,0.0,344.25,413.5,0.0,631,413.5,262.0,151.5,262.75,B,B,A,150.75,262.0,344.25,0
139,320,oswald,287.75,0.0,0.0,342.5,0.0,0.0,0.0,0.0,0.0,289.5,0.0,320.75,0.0,0.0,301.0,0.0,631,342.5,287.75,54.75,320.75,B,B,B,21.75,287.75,342.5,0
140,321,arial,299.25,0.0,0.0,261.5,0.0,0.0,0.0,0.0,0.0,263.25,0.0,0.0,0.0,278.75,309.0,0.0,631,309.0,261.5,47.5,299.25,B,B,A,9.75,261.5,278.75,0
141,322,open_sans,200.0,0.0,0.0,188.5,0.0,0.0,0.0,0.0,0.0,179.0,224.6666667,0.0,0.0,0.0,213.0,0.0,631,224.6666667,179.0,45.66666670000001,224.6666667,A,C,B,0.0,200.0,188.5,0
142,323,open_sans,260.5,0.0,0.0,270.75,0.0,0.0,0.0,0.0,0.0,265.25,253.25,0.0,0.0,0.0,270.0,0.0,631,270.75,253.25,17.5,253.25,C,B,B,17.5,260.5,270.75,0
143,325,times,313.5,0.0,0.0,340.5,0.0,0.0,0.0,0.0,0.0,301.75,0.0,0.0,0.0,313.75,337.25,0.0,631,340.5,301.75,38.75,337.25,B,C,B,3.25,313.5,340.5,313.75
144,327,avenir_next,341.0,0.0,269.3333333,250.5,0.0,0.0,0.0,0.0,0.0,226.5,0.0,0.0,0.0,0.0,243.0,0.0,631,341.0,226.5,114.5,269.3333333,B,C,B,71.66666670000001,341.0,250.5,0
145,328,avenir_next,277.25,0.0,259.0,278.75,0.0,0.0,0.0,0.0,0.0,273.75,0.0,0.0,0.0,0.0,308.75,0.0,631,308.75,259.0,49.75,259.0,C,B,A,49.75,277.25,278.75,0
146,331,roboto,307.0,0.0,0.0,287.0,0.0,0.0,0.0,0.0,0.0,267.75,0.0,0.0,0.0,279.75,301.0,0.0,631,307.0,267.75,39.25,279.75,B,C,B,27.25,307.0,287.0,0
147,334,garamond,134.5,0.0,0.0,132.5,0.0,126.3333333,0.0,0.0,0.0,135.0,0.0,0.0,0.0,0.0,168.0,0.0,631,168.0,126.3333333,41.66666669999999,126.3333333,C,B,A,41.66666669999999,134.5,132.5,0
148,337,calibri,205.0,0.0,0.0,219.25,0.0,0.0,0.0,0.0,0.0,220.25,0.0,0.0,0.0,225.0,212.25,0.0,631,225.0,205.0,20.0,219.25,B,B,B,5.75,205.0,225.0,0
149,339,calibri,299.75,0.0,0.0,301.25,0.0,0.0,0.0,0.0,0.0,261.0,0.0,0.0,0.0,328.5,407.75,0.0,631,407.75,261.0,146.75,301.25,B,C,A,106.5,299.75,328.5,0
150,340,helvetica,339.25,0.0,0.0,341.25,0.0,0.0,418.0,0.0,0.0,378.25,0.0,0.0,0.0,0.0,331.75,0.0,631,418.0,331.75,86.25,418.0,A,B,C,0.0,339.25,341.25,0
151,342,avenir_next,291.75,0.0,304.0,309.25,0.0,0.0,0.0,0.0,0.0,323.25,0.0,0.0,0.0,0.0,300.5,0.0,631,323.25,291.75,31.5,304.0,B,A,B,19.25,291.75,309.25,0
152,344,noto_sans,327.0,0.0,0.0,364.5,0.0,0.0,0.0,0.0,0.0,324.5,0.0,0.0,0.0,295.0,313.0,0.0,631,364.5,295.0,69.5,324.5,B,B,B,40.0,327.0,364.5,295.0
153,345,times,433.0,0.0,0.0,397.25,0.0,0.0,0.0,0.0,0.0,539.0,0.0,0.0,0.0,395.5,435.75,0.0,631,539.0,395.5,143.5,435.75,B,A,B,103.25,433.0,397.25,395.5
154,346,montserrat,272.75,0.0,0.0,279.75,0.0,0.0,0.0,0.0,296.25,287.5,0.0,0.0,0.0,0.0,250.75,0.0,631,296.25,250.75,45.5,296.25,A,B,C,0.0,272.75,279.75,0
155,347,times,190.0,0.0,0.0,387.0,0.0,0.0,0.0,0.0,0.0,189.5,0.0,0.0,0.0,403.6666667,244.5,0.0,631,403.6666667,189.5,214.1666667,244.5,B,C,B,159.1666667,190.0,387.0,403.6666667
156,348,noto_sans,268.75,0.0,0.0,244.0,0.0,0.0,0.0,0.0,0.0,233.375,0.0,0.0,0.0,278.5,245.0,0.0,631,278.5,233.375,45.125,233.375,C,C,B,45.125,268.75,244.0,278.5
157,350,open_sans,315.0,0.0,0.0,470.3333333,0.0,0.0,0.0,0.0,0.0,412.0,400.0,0.0,0.0,0.0,464.5,0.0,631,470.3333333,315.0,155.3333333,400.0,B,B,B,70.33333329999999,315.0,470.3333333,0
158,352,helvetica,323.0,0.0,0.0,415.75,0.0,0.0,264.5,0.0,0.0,410.0,0.0,0.0,0.0,0.0,494.25,0.0,631,494.25,264.5,229.75,264.5,C,B,A,229.75,323.0,415.75,0
159,353,calibri,257.5,0.0,0.0,315.25,0.0,0.0,0.0,0.0,0.0,274.25,0.0,0.0,0.0,321.25,306.25,0.0,631,321.25,257.5,63.75,315.25,B,B,B,6.0,257.5,321.25,0
160,354,helvetica,141.0,0.0,0.0,145.5,0.0,0.0,124.25,0.0,0.0,144.5,0.0,0.0,0.0,0.0,128.0,0.0,631,145.5,124.25,21.25,124.25,C,B,B,21.25,141.0,145.5,0
161,355,noto_sans,0.0,0.0,0.0,274.0,0.0,0.0,0.0,0.0,0.0,389.0,0.0,0.0,0.0,341.0,325.0,0.0,631,389.0,274.0,115.0,389.0,A,A,B,0.0,274.0,341.0,0
162,358,avenir_next,621.5,0.0,354.0,464.0,0.0,0.0,0.0,0.0,0.0,462.25,0.0,0.0,0.0,0.0,507.3333333,0.0,631,621.5,354.0,267.5,354.0,C,B,B,267.5,621.5,464.0,0
163,359,utopia,239.0,0.0,0.0,255.5,0.0,0.0,0.0,0.0,0.0,222.75,0.0,0.0,0.0,0.0,220.5,270.5,631,270.5,220.5,50.0,270.5,A,B,C,0.0,239.0,255.5,0
164,364,roboto,345.0,0.0,0.0,336.0,0.0,0.0,0.0,0.0,0.0,313.0,0.0,0.0,0.0,327.25,322.75,0.0,631,345.0,313.0,32.0,327.25,B,C,B,17.75,345.0,336.0,0
165,368,arial,360.75,0.0,0.0,423.3333333,0.0,0.0,0.0,0.0,0.0,410.75,0.0,0.0,0.0,331.5,302.3333333,0.0,631,423.3333333,302.3333333,121.0,360.75,B,B,C,62.58333329999999,423.3333333,331.5,0
166,369,noto_sans,229.0,0.0,0.0,221.25,0.0,0.0,0.0,0.0,0.0,223.3333333,0.0,0.0,0.0,224.5,250.25,0.0,631,250.25,221.25,29.0,223.3333333,B,B,A,26.916666700000007,229.0,221.25,224.5
167,371,avantgarde,226.25,197.0,0.0,177.6666667,0.0,0.0,0.0,0.0,0.0,167.75,0.0,0.0,0.0,0.0,181.0,0.0,631,226.25,167.75,58.5,197.0,B,C,B,29.25,226.25,177.6666667,0
168,372,helvetica,311.0,0.0,0.0,320.25,0.0,0.0,298.25,0.0,0.0,273.0,0.0,0.0,0.0,0.0,293.5,0.0,631,320.25,273.0,47.25,298.25,B,C,B,22.0,311.0,320.25,0
169,373,garamond,493.25,0.0,0.0,441.5,0.0,395.0,0.0,0.0,0.0,426.75,0.0,0.0,0.0,0.0,475.75,0.0,631,493.25,395.0,98.25,395.0,C,B,B,98.25,493.25,441.5,0
170,374,times,351.5,0.0,0.0,370.3333333,0.0,0.0,0.0,0.0,0.0,373.5,0.0,0.0,0.0,386.5,375.75,0.0,631,386.5,351.5,35.0,375.75,B,B,B,10.75,351.5,370.3333333,386.5
171,375,calibri,234.0,0.0,0.0,276.75,0.0,0.0,0.0,0.0,0.0,205.25,0.0,0.0,0.0,257.5,234.25,0.0,631,276.75,205.25,71.5,276.75,A,C,B,0.0,234.0,257.5,0
172,378,noto_sans,150.5,0.0,0.0,159.5,0.0,0.0,0.0,0.0,0.0,159.875,0.0,0.0,0.0,157.0,151.25,0.0,631,159.875,150.5,9.375,159.875,A,A,B,0.0,150.5,159.5,157.0
173,380,calibri,173.6666667,0.0,0.0,206.5,0.0,0.0,0.0,0.0,0.0,166.75,0.0,0.0,0.0,190.5,183.75,0.0,631,206.5,166.75,39.75,206.5,A,C,B,0.0,173.6666667,190.5,0
174,385,garamond,295.25,0.0,0.0,288.75,0.0,251.5,0.0,0.0,0.0,196.25,0.0,0.0,0.0,0.0,168.6666667,0.0,631,295.25,168.6666667,126.58333329999999,251.5,B,B,C,43.75,295.25,288.75,0
175,386,garamond,147.5,0.0,0.0,183.0,0.0,146.0,0.0,0.0,0.0,157.0,0.0,0.0,0.0,0.0,148.3333333,0.0,631,183.0,146.0,37.0,146.0,C,B,B,37.0,147.5,183.0,0
176,387,noto_sans,266.25,0.0,0.0,270.0,0.0,0.0,0.0,0.0,0.0,266.8333333,0.0,0.0,0.0,254.75,283.5,0.0,631,283.5,254.75,28.75,266.8333333,B,B,A,16.666666700000007,266.25,270.0,254.75
177,388,noto_sans,231.0,0.0,0.0,194.5,0.0,0.0,0.0,0.0,0.0,203.5,0.0,0.0,0.0,236.0,235.0,0.0,631,236.0,194.5,41.5,203.5,B,B,B,32.5,231.0,194.5,236.0
178,392,calibri,138.75,0.0,0.0,137.6666667,0.0,0.0,0.0,0.0,0.0,121.5,0.0,0.0,0.0,140.25,136.0,0.0,631,140.25,121.5,18.75,137.6666667,B,C,B,2.5833332999999925,138.75,140.25,0
179,393,times,383.5,0.0,0.0,380.75,0.0,0.0,0.0,0.0,0.0,487.0,0.0,0.0,0.0,372.75,434.5,0.0,631,487.0,372.75,114.25,434.5,B,A,B,52.5,383.5,380.75,372.75
180,395,noto_sans,258.25,0.0,0.0,263.0,0.0,0.0,0.0,0.0,0.0,258.5,0.0,0.0,0.0,269.5,299.5,0.0,631,299.5,258.25,41.25,258.5,B,B,A,41.0,258.25,263.0,269.5
181,396,noto_sans,235.0,0.0,0.0,254.0,0.0,0.0,0.0,0.0,0.0,313.0,0.0,0.0,0.0,287.25,336.25,0.0,631,336.25,235.0,101.25,313.0,B,B,A,23.25,235.0,254.0,287.25
182,399,calibri,244.0,0.0,0.0,199.75,0.0,0.0,0.0,0.0,0.0,260.5,0.0,0.0,0.0,250.0,221.25,0.0,631,260.5,199.75,60.75,199.75,C,A,B,60.75,244.0,250.0,0
183,400,calibri,289.75,0.0,0.0,282.25,0.0,0.0,0.0,0.0,0.0,273.25,0.0,0.0,0.0,257.0,244.0,0.0,631,289.75,244.0,45.75,282.25,B,B,C,7.5,289.75,257.0,0
184,402,times,269.75,0.0,0.0,272.25,0.0,0.0,0.0,0.0,0.0,263.5,0.0,0.0,0.0,219.5,257.25,0.0,631,272.25,219.5,52.75,257.25,B,B,B,15.0,269.75,272.25,219.5
185,403,helvetica,239.75,0.0,0.0,248.5,0.0,0.0,254.5,0.0,0.0,243.0,0.0,0.0,0.0,0.0,243.0,0.0,631,254.5,239.75,14.75,254.5,A,B,B,0.0,239.75,248.5,0
186,405,noto_sans,238.0,0.0,0.0,365.25,0.0,0.0,0.0,0.0,0.0,266.25,0.0,0.0,0.0,214.5,414.0,0.0,631,414.0,214.5,199.5,266.25,B,B,A,147.75,238.0,365.25,214.5
187,406,times,480.0,0.0,0.0,472.5,0.0,0.0,0.0,0.0,0.0,631.0,0.0,0.0,0.0,392.25,426.7142857,0.0,631,631.0,392.25,238.75,426.7142857,B,A,B,204.2857143,480.0,472.5,392.25
188,407,noto_sans,484.0,0.0,0.0,438.5,0.0,0.0,0.0,0.0,0.0,448.0,0.0,0.0,0.0,421.5,403.75,0.0,616,484.0,403.75,80.25,448.0,B,B,C,36.0,484.0,438.5,421.5
189,408,times,300.25,0.0,0.0,291.25,0.0,0.0,0.0,0.0,0.0,262.25,0.0,0.0,0.0,263.0,307.5,0.0,616,307.5,262.25,45.25,307.5,A,C,A,0.0,300.25,291.25,263.0
190,410,utopia,286.75,0.0,0.0,274.0,0.0,0.0,0.0,0.0,0.0,283.5,0.0,0.0,0.0,0.0,299.0,174.3333333,616,299.0,174.3333333,124.66666670000001,174.3333333,C,B,A,124.66666670000001,286.75,274.0,0
191,411,garamond,208.25,0.0,0.0,216.0,0.0,189.75,0.0,0.0,0.0,205.25,0.0,0.0,0.0,0.0,197.0,0.0,616,216.0,189.75,26.25,189.75,C,B,B,26.25,208.25,216.0,0
192,414,avantgarde,182.0,167.5,0.0,190.5,0.0,0.0,0.0,0.0,0.0,208.75,0.0,0.0,0.0,0.0,196.0,0.0,616,208.75,167.5,41.25,167.5,C,A,B,41.25,182.0,190.5,0
193,418,avenir_next,405.0,0.0,392.0,395.5,0.0,0.0,0.0,0.0,0.0,442.0,0.0,0.0,0.0,0.0,397.5,0.0,616,442.0,392.0,50.0,392.0,C,A,B,50.0,405.0,395.5,0
194,420,noto_sans,308.0,0.0,0.0,306.5,0.0,0.0,0.0,0.0,0.0,287.875,0.0,0.0,0.0,286.0,293.75,0.0,616,308.0,286.0,22.0,287.875,B,B,B,20.125,308.0,306.5,286.0
195,422,avenir_next,192.75,0.0,216.0,211.0,0.0,0.0,0.0,0.0,0.0,159.25,0.0,0.0,0.0,0.0,188.25,0.0,616,216.0,159.25,56.75,216.0,A,C,B,0.0,192.75,211.0,0
196,423,helvetica,471.0,0.0,0.0,382.0,0.0,0.0,484.5,0.0,0.0,483.0,0.0,0.0,0.0,0.0,432.75,0.0,616,484.5,382.0,102.5,484.5,A,B,B,0.0,471.0,382.0,0
197,424,open_sans,229.75,0.0,0.0,253.5,0.0,0.0,0.0,0.0,0.0,218.5,236.75,0.0,0.0,0.0,228.5,0.0,616,253.5,218.5,35.0,236.75,B,C,B,16.75,229.75,253.5,0
198,426,garamond,358.25,0.0,0.0,367.75,0.0,358.75,0.0,0.0,0.0,430.25,0.0,0.0,0.0,0.0,314.0,0.0,616,430.25,314.0,116.25,358.75,B,A,C,71.5,358.25,367.75,0
199,427,avenir_next,280.5,0.0,277.75,287.25,0.0,0.0,0.0,0.0,0.0,265.25,0.0,0.0,0.0,0.0,253.5,0.0,616,287.25,253.5,33.75,277.75,B,B,C,9.5,280.5,287.25,0
200,431,arial,213.75,0.0,0.0,230.0,0.0,0.0,0.0,0.0,0.0,213.25,0.0,0.0,0.0,202.5,220.75,0.0,616,230.0,202.5,27.5,213.75,B,B,B,16.25,230.0,202.5,0
201,433,noto_sans,273.0,0.0,0.0,318.0,0.0,0.0,0.0,0.0,0.0,290.8333333,0.0,0.0,0.0,291.0,359.0,0.0,616,359.0,273.0,86.0,290.8333333,B,B,A,68.16666670000001,273.0,318.0,291.0
202,436,calibri,313.0,0.0,0.0,345.0,0.0,0.0,0.0,0.0,0.0,390.5,0.0,0.0,0.0,396.0,371.6666667,0.0,616,396.0,313.0,83.0,345.0,B,B,B,51.0,313.0,396.0,0
203,439,noto_sans,148.0,0.0,0.0,200.5,0.0,0.0,0.0,0.0,0.0,301.25,0.0,0.0,0.0,275.5,156.5,0.0,616,301.25,148.0,153.25,301.25,A,A,B,0.0,148.0,200.5,275.5
204,440,noto_sans,113.5,0.0,0.0,150.0,0.0,0.0,0.0,0.0,0.0,179.1428571,0.0,0.0,0.0,166.5,156.0,0.0,616,179.1428571,113.5,65.64285709999999,179.1428571,A,A,B,0.0,113.5,150.0,166.5
205,443,arial,419.5,0.0,0.0,480.0,0.0,0.0,0.0,0.0,0.0,387.25,0.0,0.0,0.0,481.5,417.75,0.0,616,481.5,387.25,94.25,419.5,B,C,B,62.0,480.0,481.5,0
206,444,calibri,277.25,0.0,0.0,294.5,0.0,0.0,0.0,0.0,0.0,250.25,0.0,0.0,0.0,268.75,287.0,0.0,616,294.5,250.25,44.25,294.5,A,C,B,0.0,277.25,268.75,0
207,447,arial,186.5,0.0,0.0,242.5,0.0,0.0,0.0,0.0,0.0,189.0,0.0,0.0,0.0,209.5,257.6666667,0.0,616,257.6666667,186.5,71.16666670000001,186.5,C,B,A,71.16666670000001,242.5,209.5,0
208,449,times,485.5,0.0,0.0,525.6666667,0.0,0.0,0.0,0.0,0.0,484.0,0.0,0.0,0.0,453.75,497.1666667,0.0,616,525.6666667,453.75,71.91666669999995,497.1666667,B,B,B,28.499999999999943,485.5,525.6666667,453.75
209,450,noto_sans,197.5,0.0,0.0,206.5,0.0,0.0,0.0,0.0,0.0,202.25,0.0,0.0,0.0,217.0,197.25,0.0,616,217.0,197.25,19.75,202.25,B,B,C,14.75,197.5,206.5,217.0
210,454,montserrat,256.75,0.0,0.0,283.25,0.0,0.0,0.0,0.0,281.75,257.5,0.0,0.0,0.0,0.0,262.25,0.0,616,283.25,256.75,26.5,281.75,B,B,B,1.5,256.75,283.25,0
211,455,franklin_gothic,244.0,0.0,0.0,216.75,259.5,0.0,0.0,0.0,0.0,207.5,0.0,0.0,0.0,0.0,196.25,0.0,616,259.5,196.25,63.25,259.5,A,B,C,0.0,244.0,216.75,0
212,456,times,396.0,0.0,0.0,380.5,0.0,0.0,0.0,0.0,0.0,389.75,0.0,0.0,0.0,339.5,384.75,0.0,616,396.0,339.5,56.5,384.75,B,B,B,11.25,396.0,380.5,339.5
213,457,avenir_next,278.25,0.0,246.5,324.75,0.0,0.0,0.0,0.0,0.0,229.25,0.0,0.0,0.0,0.0,250.5,0.0,616,324.75,229.25,95.5,246.5,B,C,B,78.25,278.25,324.75,0
214,461,arial,229.0,0.0,0.0,232.0,0.0,0.0,0.0,0.0,0.0,231.5,0.0,0.0,0.0,262.75,252.5,0.0,616,262.75,229.0,33.75,229.0,C,B,B,33.75,232.0,262.75,0
215,462,open_sans,248.0,0.0,0.0,253.0,0.0,0.0,0.0,0.0,0.0,240.0,242.0,0.0,0.0,0.0,232.5,0.0,616,253.0,232.5,20.5,242.0,B,B,C,11.0,248.0,253.0,0
216,463,garamond,277.75,0.0,0.0,201.6666667,0.0,298.5,0.0,0.0,0.0,341.3333333,0.0,0.0,0.0,0.0,357.0,0.0,616,357.0,201.6666667,155.3333333,298.5,B,B,A,58.5,277.75,201.6666667,0
217,470,noto_sans,240.5,0.0,0.0,204.0,0.0,0.0,0.0,0.0,0.0,171.25,0.0,0.0,0.0,184.5,171.0,0.0,616,240.5,171.0,69.5,171.25,B,B,C,69.25,240.5,204.0,184.5
218,471,arial,174.75,0.0,0.0,194.0,0.0,0.0,0.0,0.0,0.0,181.25,0.0,0.0,0.0,191.75,194.75,0.0,616,194.75,174.75,20.0,174.75,C,B,A,20.0,194.0,191.75,0
219,472,calibri,190.25,0.0,0.0,224.0,0.0,0.0,0.0,0.0,0.0,214.25,0.0,0.0,0.0,228.25,204.0,0.0,616,228.25,190.25,38.0,224.0,B,B,B,4.25,190.25,228.25,0
220,474,roboto,0.0,0.0,0.0,0.0,0.0,0.0,0.0,187.0,0.0,167.5,0.0,0.0,0.0,169.0,169.75,177.5,616,187.0,167.5,19.5,169.0,B,C,B,18.0,187.0,177.5,0
221,476,times,0.0,225.25,0.0,0.0,0.0,0.0,0.0,279.75,0.0,252.75,0.0,0.0,0.0,0.0,254.75,297.25,616,297.25,225.25,72.0,254.75,B,B,B,42.5,225.25,279.75,297.25
222,477,calibri,0.0,0.0,0.0,289.0,286.5,0.0,0.0,0.0,267.75,290.75,0.0,0.0,0.0,0.0,327.75,0.0,616,327.75,267.75,60.0,289.0,B,B,A,38.75,286.5,267.75,0
223,478,noto_sans,0.0,0.0,0.0,0.0,0.0,0.0,0.0,282.0,0.0,324.75,0.0,0.0,320.5,0.0,298.5,303.0,616,324.75,282.0,42.75,324.75,A,A,B,0.0,282.0,320.5,303.0
224,483,times,0.0,0.0,0.0,0.0,0.0,0.0,0.0,0.0,264.5,213.0,0.0,283.0,154.0,0.0,205.75,0.0,616,283.0,154.0,129.0,205.75,B,B,B,77.25,264.5,283.0,154.0
225,484,arial,490.5,0.0,0.0,0.0,381.0,0.0,0.0,0.0,0.0,407.0,0.0,436.5,0.0,0.0,436.0,0.0,616,490.5,381.0,109.5,490.5,A,B,B,0.0,381.0,436.5,0
226,486,roboto,0.0,0.0,0.0,0.0,0.0,0.0,0.0,311.25,0.0,276.0,0.0,333.25,0.0,251.0,260.25,0.0,616,333.25,251.0,82.25,251.0,C,B,B,82.25,311.25,333.25,0
227,490,arial,340.0,0.0,0.0,0.0,0.0,0.0,0.0,313.0,283.25,240.0,0.0,0.0,0.0,0.0,358.75,0.0,616,358.75,240.0,118.75,340.0,B,C,A,18.75,313.0,283.25,0
228,491,times,0.0,327.0,0.0,0.0,0.0,0.0,0.0,0.0,0.0,272.5,0.0,0.0,297.25,0.0,315.25,308.25,616,327.0,272.5,54.5,315.25,B,C,B,11.75,327.0,297.25,308.25
229,492,calibri,0.0,0.0,0.0,219.25,221.25,0.0,0.0,0.0,0.0,259.75,0.0,217.5,0.0,0.0,213.5,0.0,616,259.75,213.5,46.25,219.25,B,A,C,40.5,221.25,217.5,0
230,495,noto_sans,0.0,193.0,0.0,0.0,0.0,0.0,0.0,0.0,192.5,240.5,0.0,0.0,173.25,0.0,235.3333333,0.0,616,240.5,173.25,67.25,240.5,A,A,B,0.0,193.0,192.5,173.25
231,496,noto_sans,0.0,330.5,0.0,0.0,177.3333333,0.0,0.0,0.0,0.0,261.6666667,0.0,0.0,170.6666667,0.0,237.0,0.0,616,330.5,170.6666667,159.8333333,261.6666667,B,B,B,68.83333329999999,330.5,177.3333333,170.6666667
232,497,garamond,0.0,244.5,0.0,0.0,0.0,252.0,0.0,0.0,0.0,302.25,0.0,260.75,0.0,0.0,313.75,0.0,616,313.75,244.5,69.25,252.0,B,B,A,61.75,244.5,260.75,0
233,498,avenir_next,0.0,0.0,227.0,0.0,0.0,0.0,0.0,0.0,0.0,255.5,0.0,217.0,0.0,0.0,264.0,261.75,616,264.0,217.0,47.0,227.0,B,B,A,37.0,217.0,261.75,0
234,500,arial,253.0,257.25,0.0,0.0,0.0,0.0,0.0,0.0,0.0,245.75,0.0,304.5,0.0,0.0,294.5,0.0,616,304.5,245.75,58.75,253.0,B,C,B,51.5,257.25,304.5,0
235,501,helvetica,0.0,374.75,0.0,0.0,0.0,0.0,403.5,0.0,0.0,389.75,0.0,443.25,0.0,0.0,344.5,0.0,616,443.25,344.5,98.75,403.5,B,B,C,39.75,374.75,443.25,0
236,507,times,0.0,167.0,0.0,0.0,185.25,0.0,0.0,0.0,0.0,205.5,0.0,0.0,228.6666667,0.0,204.75,0.0,616,228.6666667,167.0,61.66666670000001,204.75,B,B,B,23.916666700000007,167.0,185.25,228.6666667
237,509,helvetica,0.0,0.0,0.0,0.0,0.0,0.0,323.75,0.0,0.0,279.5,0.0,366.0,0.0,0.0,315.0,0.0,616,366.0,279.5,86.5,323.75,B,C,B,42.25,366.0,0,0
238,510,arial,451.5,0.0,0.0,0.0,0.0,0.0,0.0,444.75,0.0,446.0,0.0,365.75,0.0,0.0,408.5,0.0,616,451.5,365.75,85.75,451.5,A,B,B,0.0,444.75,365.75,0
239,511,helvetica,0.0,0.0,0.0,0.0,0.0,0.0,223.0,252.75,0.0,256.75,0.0,305.0,0.0,0.0,283.75,0.0,616,305.0,223.0,82.0,223.0,C,B,B,82.0,252.75,305.0,0
240,512,garamond,0.0,0.0,0.0,0.0,180.75,180.25,0.0,0.0,191.25,178.0,0.0,0.0,0.0,0.0,195.25,0.0,616,195.25,178.0,17.25,180.25,B,C,A,15.0,180.75,191.25,0
241,514,avenir_next,0.0,201.75,192.5,0.0,0.0,0.0,0.0,0.0,0.0,244.0,0.0,0.0,221.0,0.0,187.25,0.0,616,244.0,187.25,56.75,192.5,B,A,C,51.5,201.75,221.0,0
242,515,times,0.0,0.0,0.0,0.0,0.0,0.0,0.0,0.0,0.0,192.0,0.0,186.0,185.5,0.0,180.75,219.0,616,219.0,180.75,38.25,180.75,C,B,C,38.25,186.0,185.5,219.0
243,516,arial,206.0,197.5,0.0,0.0,216.5,0.0,0.0,0.0,0.0,200.25,0.0,0.0,0.0,0.0,231.0,0.0,616,231.0,197.5,33.5,206.0,B,B,A,25.0,197.5,216.5,0
244,517,montserrat,0.0,269.0,0.0,0.0,0.0,0.0,0.0,234.75,294.25,308.0,0.0,0.0,0.0,0.0,307.25,0.0,616,308.0,234.75,73.25,294.25,B,A,B,13.75,269.0,234.75,0
245,518,arial,170.5,170.25,0.0,0.0,0.0,0.0,0.0,0.0,0.0,144.0,0.0,174.0,0.0,0.0,199.5,0.0,616,199.5,144.0,55.5,170.5,B,C,A,29.0,170.25,174.0,0
246,519,calibri,0.0,0.0,0.0,155.5,0.0,0.0,0.0,165.0,0.0,149.5,0.0,0.0,161.75,0.0,143.25,0.0,616,165.0,143.25,21.75,155.5,B,B,C,9.5,165.0,161.75,0
247,521,garamond,0.0,351.0,0.0,0.0,0.0,427.0,0.0,0.0,0.0,434.0,0.0,357.75,0.0,0.0,386.0,0.0,616,434.0,351.0,83.0,427.0,B,A,B,7.0,351.0,357.75,0
248,522,times,0.0,223.75,0.0,0.0,0.0,0.0,0.0,0.0,204.5,220.25,0.0,231.75,0.0,0.0,196.25,0.0,616,231.75,196.25,35.5,196.25,C,B,C,35.5,223.75,204.5,231.75
249,523,calibri,0.0,0.0,0.0,208.75,203.75,0.0,0.0,212.25,0.0,200.5,0.0,0.0,0.0,0.0,198.25,0.0,616,212.25,198.25,14.0,208.75,B,B,C,3.5,203.75,212.25,0
250,524,noto_sans,0.0,307.25,0.0,0.0,325.75,0.0,0.0,0.0,308.5,321.75,0.0,0.0,0.0,0.0,305.5,0.0,616,325.75,305.5,20.25,321.75,B,B,C,4.0,307.25,325.75,308.5
251,525,avenir_next,0.0,311.75,327.75,0.0,0.0,0.0,0.0,306.75,0.0,266.75,0.0,0.0,0.0,0.0,278.5,0.0,616,327.75,266.75,61.0,327.75,A,C,B,0.0,311.75,306.75,0
252,527,noto_sans,0.0,358.125,0.0,0.0,0.0,0.0,0.0,0.0,0.0,365.75,0.0,370.75,0.0,0.0,296.25,0.0,616,370.75,296.25,74.5,365.75,B,B,C,5.0,358.125,370.75,0
253,529,poynter_gothic_text,0.0,249.75,0.0,0.0,0.0,0.0,0.0,0.0,0.0,293.5,0.0,0.0,274.5,0.0,278.5,231.0,616,293.5,231.0,62.5,274.5,B,A,B,19.0,249.75,231.0,0
254,532,helvetica,0.0,0.0,0.0,0.0,0.0,0.0,481.25,375.75,0.0,438.25,0.0,0.0,409.0,0.0,280.3333333,0.0,616,481.25,280.3333333,200.9166667,481.25,A,B,C,0.0,375.75,409.0,0
255,534,garamond,0.0,0.0,0.0,0.0,211.25,296.75,0.0,0.0,0.0,299.0,0.0,0.0,305.5,0.0,217.75,0.0,616,305.5,211.25,94.25,296.75,B,B,B,8.75,211.25,305.5,0
256,536,noto_sans,0.0,244.0,0.0,0.0,288.0,0.0,0.0,0.0,0.0,231.5,0.0,264.0,0.0,0.0,290.0,0.0,616,290.0,231.5,58.5,231.5,C,C,A,58.5,244.0,288.0,264.0
257,538,times,0.0,0.0,0.0,0.0,267.5,0.0,0.0,0.0,0.0,281.75,0.0,258.625,0.0,0.0,242.5,0.0,616,281.75,242.5,39.25,242.5,C,A,C,39.25,267.5,258.625,0
258,539,times,0.0,262.0,0.0,0.0,0.0,0.0,0.0,393.0,0.0,382.75,0.0,413.0,0.0,0.0,572.0,0.0,616,572.0,262.0,310.0,572.0,A,B,A,0.0,262.0,393.0,413.0
259,543,franklin_gothic,0.0,282.0,0.0,0.0,286.75,0.0,0.0,0.0,0.0,281.0,0.0,0.0,275.25,0.0,301.75,0.0,616,301.75,275.25,26.5,286.75,B,B,A,15.0,282.0,275.25,0
260,544,garamond,0.0,0.0,0.0,0.0,0.0,392.5,0.0,341.75,0.0,329.25,0.0,388.0,0.0,0.0,385.5,0.0,616,392.5,329.25,63.25,392.5,A,C,B,0.0,341.75,388.0,0
261,548,helvetica,0.0,350.0,0.0,0.0,0.0,0.0,351.0,0.0,0.0,286.25,0.0,0.0,0.0,0.0,481.0,465.5,616,481.0,286.25,194.75,351.0,B,C,A,130.0,350.0,465.5,0
262,549,avenir_next,0.0,275.25,282.25,0.0,0.0,0.0,0.0,0.0,238.0,301.25,0.0,0.0,0.0,0.0,276.0,0.0,616,301.25,238.0,63.25,282.25,B,A,B,19.0,275.25,238.0,0
263,550,open_sans,0.0,242.5,0.0,0.0,0.0,0.0,0.0,0.0,0.0,278.5,231.0,250.25,0.0,0.0,229.75,0.0,616,278.5,229.75,48.75,231.0,B,A,C,47.5,242.5,250.25,0
264,551,arial,318.5,0.0,0.0,0.0,254.5,0.0,0.0,0.0,0.0,281.5,0.0,246.25,0.0,0.0,230.25,0.0,616,318.5,230.25,88.25,318.5,A,B,C,0.0,254.5,246.25,0
265,552,arial,292.5,0.0,0.0,0.0,0.0,0.0,0.0,0.0,252.75,246.5,0.0,248.0,0.0,0.0,254.5,0.0,616,292.5,246.5,46.0,292.5,A,C,B,0.0,252.75,248.0,0
266,557,garamond,0.0,0.0,0.0,0.0,0.0,280.5,0.0,259.0,0.0,264.0,0.0,316.6666667,0.0,0.0,330.0,0.0,616,330.0,259.0,71.0,280.5,B,B,A,49.5,259.0,316.6666667,0
267,559,times,0.0,0.0,0.0,0.0,0.0,0.0,0.0,316.0,0.0,325.75,0.0,0.0,291.75,0.0,312.0,300.75,616,325.75,291.75,34.0,312.0,B,A,B,13.75,316.0,291.75,300.75
268,561,noto_sans,0.0,196.75,0.0,0.0,0.0,0.0,0.0,0.0,0.0,183.0,0.0,197.25,199.25,0.0,215.0,0.0,616,215.0,183.0,32.0,183.0,C,C,A,32.0,196.75,197.25,199.25
269,563,calibri,0.0,0.0,0.0,361.0,0.0,0.0,0.0,0.0,0.0,552.5,0.0,422.5,0.0,0.0,404.0,492.0,616,552.5,361.0,191.5,361.0,C,A,B,191.5,422.5,492.0,0
270,564,helvetica,0.0,0.0,0.0,0.0,0.0,0.0,268.0,290.5,239.5,276.25,0.0,0.0,0.0,0.0,285.5,0.0,616,290.5,239.5,51.0,268.0,B,B,B,22.5,290.5,239.5,0
271,566,times,0.0,320.0,0.0,0.0,454.0,0.0,0.0,0.0,554.3333333,441.0,0.0,0.0,0.0,0.0,367.75,0.0,616,554.3333333,320.0,234.33333330000005,367.75,B,B,B,186.58333330000005,320.0,454.0,554.3333333
272,568,calibri,0.0,0.0,0.0,183.25,0.0,0.0,0.0,165.25,158.75,139.5,0.0,0.0,0.0,0.0,148.75,0.0,616,183.25,139.5,43.75,183.25,A,C,B,0.0,165.25,158.75,0
273,569,lato,0.0,0.0,0.0,0.0,362.75,0.0,0.0,369.75,0.0,321.25,0.0,0.0,335.75,0.0,356.0,0.0,616,369.75,321.25,48.5,369.75,A,C,B,0.0,362.75,335.75,0
274,570,montserrat,0.0,0.0,0.0,0.0,0.0,0.0,0.0,0.0,213.25,214.5,219.5,0.0,220.0,0.0,208.5,0.0,616,220.0,208.5,11.5,213.25,B,B,C,6.75,219.5,220.0,0
275,571,poynter_gothic_text,0.0,0.0,0.0,0.0,0.0,0.0,0.0,498.5,0.0,438.3333333,433.0,0.0,221.0,0.0,319.5,0.0,616,498.5,221.0,277.5,221.0,C,B,B,277.5,498.5,433.0,0
276,572,avantgarde,0.0,429.6666667,0.0,0.0,0.0,0.0,0.0,0.0,561.3333333,463.0,0.0,0.0,0.0,0.0,457.0,287.0,616,561.3333333,287.0,274.33333330000005,429.6666667,B,B,B,131.66666660000004,561.3333333,287.0,0
277,576,noto_sans,0.0,0.0,0.0,0.0,0.0,0.0,0.0,0.0,393.75,215.0,0.0,0.0,0.0,0.0,353.5,362.0,616,393.75,215.0,178.75,215.0,C,C,B,178.75,393.75,362.0,0
278,577,avenir_next,0.0,0.0,129.5,0.0,142.6666667,0.0,0.0,0.0,0.0,129.6666667,0.0,0.0,0.0,0.0,115.0,123.3333333,616,142.6666667,115.0,27.666666700000007,129.5,B,B,C,13.166666700000007,142.6666667,123.3333333,0
279,578,open_sans,0.0,0.0,0.0,0.0,306.25,0.0,0.0,218.75,0.0,291.75,283.5,0.0,0.0,0.0,283.25,0.0,616,306.25,218.75,87.5,283.5,B,B,B,22.75,306.25,218.75,0
280,579,avantgarde,0.0,189.75,0.0,0.0,0.0,0.0,0.0,0.0,0.0,201.75,225.25,0.0,230.0,0.0,232.6666667,0.0,616,232.6666667,189.75,42.91666670000001,189.75,C,B,A,42.91666670000001,225.25,230.0,0
281,580,garamond,0.0,0.0,0.0,0.0,0.0,189.75,0.0,0.0,0.0,206.25,0.0,0.0,177.5,0.0,226.0,170.0,616,226.0,170.0,56.0,189.75,B,B,A,36.25,177.5,170.0,0
282,581,times,0.0,0.0,0.0,0.0,0.0,0.0,0.0,221.5,214.5,227.5,0.0,0.0,0.0,0.0,235.5,254.5,616,254.5,214.5,40.0,235.5,B,B,B,19.0,221.5,214.5,254.5
283,582,arial,369.5,0.0,0.0,0.0,311.5,0.0,0.0,0.0,0.0,559.0,0.0,0.0,0.0,0.0,305.5,0.0,616,559.0,305.5,253.5,369.5,B,A,C,189.5,311.5,0,0
284,583,arial,213.0,0.0,0.0,0.0,207.5,0.0,0.0,0.0,0.0,211.5,0.0,0.0,0.0,0.0,191.25,197.25,616,213.0,191.25,21.75,213.0,A,B,C,0.0,207.5,197.25,0
285,585,noto_sans,0.0,0.0,0.0,0.0,284.0,0.0,0.0,0.0,0.0,353.0,0.0,0.0,302.5,0.0,342.5,302.75,616,353.0,284.0,69.0,353.0,A,A,B,0.0,284.0,302.5,302.75
286,588,oswald,0.0,0.0,0.0,0.0,0.0,0.0,0.0,278.0,0.0,258.75,0.0,284.75,248.25,0.0,298.0,0.0,616,298.0,248.25,49.75,284.75,B,B,A,13.25,278.0,248.25,0
287,592,helvetica,0.0,0.0,0.0,0.0,0.0,0.0,383.0,0.0,426.25,447.0,0.0,0.0,428.5,0.0,372.75,0.0,616,447.0,372.75,74.25,383.0,B,A,C,64.0,426.25,428.5,0
288,595,times,0.0,0.0,0.0,0.0,0.0,0.0,0.0,0.0,187.5,221.25,226.5,0.0,200.25,0.0,159.25,0.0,616,226.5,159.25,67.25,159.25,C,B,C,67.25,187.5,226.5,200.25
289,596,avenir_next,0.0,0.0,273.5,0.0,0.0,0.0,0.0,0.0,0.0,314.5,237.5,0.0,328.0,0.0,288.25,0.0,616,328.0,237.5,90.5,273.5,B,B,B,54.5,237.5,328.0,0
290,597,arial,420.5,0.0,0.0,0.0,0.0,0.0,0.0,411.75,0.0,380.25,313.75,0.0,0.0,0.0,392.5,0.0,616,420.5,313.75,106.75,420.5,A,B,B,0.0,411.75,313.75,0
291,598,helvetica,0.0,0.0,0.0,0.0,190.5,0.0,202.0,197.75,0.0,185.75,0.0,0.0,0.0,0.0,206.0,0.0,616,206.0,185.75,20.25,202.0,B,C,A,4.0,190.5,197.75,0
292,604,noto_sans,0.0,0.0,0.0,0.0,0.0,0.0,0.0,232.75,237.25,234.5,230.25,0.0,0.0,0.0,203.0,0.0,616,237.25,203.0,34.25,234.5,B,B,C,2.75,232.75,237.25,230.25
293,606,noto_sans,0.0,0.0,0.0,0.0,0.0,0.0,0.0,0.0,0.0,166.25,189.5,0.0,207.25,0.0,167.75,130.5,616,207.25,130.5,76.75,166.25,B,B,B,41.0,189.5,207.25,130.5
294,608,avantgarde,0.0,171.0,0.0,0.0,0.0,0.0,0.0,0.0,289.75,176.6666667,318.0,0.0,0.0,0.0,247.5,0.0,616,318.0,171.0,147.0,171.0,C,B,B,147.0,289.75,318.0,0
295,609,montserrat,0.0,0.0,0.0,0.0,0.0,0.0,0.0,206.75,317.3333333,253.5,0.0,0.0,293.0,0.0,288.3333333,0.0,616,317.3333333,206.75,110.58333329999999,317.3333333,A,B,B,0.0,206.75,293.0,0
296,610,calibri,0.0,0.0,0.0,525.25,0.0,0.0,0.0,0.0,0.0,487.0,0.0,0.0,435.0,0.0,390.75,474.0,616,525.25,390.75,134.5,525.25,A,B,C,0.0,435.0,474.0,0
297,612,oswald,0.0,0.0,0.0,0.0,0.0,0.0,0.0,0.0,214.3333333,174.6666667,132.25,268.0,0.0,0.0,141.5,0.0,616,268.0,132.25,135.75,268.0,A,B,B,0.0,214.3333333,132.25,0
298,616,times,0.0,0.0,0.0,0.0,0.0,0.0,0.0,316.25,0.0,374.75,0.0,0.0,362.5,0.0,320.75,349.75,616,374.75,316.25,58.5,320.75,B,A,B,54.0,316.25,362.5,349.75
299,617,garamond,0.0,0.0,0.0,0.0,0.0,579.0,0.0,0.0,492.0,464.3333333,0.0,0.0,0.0,0.0,582.0,474.0,616,582.0,464.3333333,117.66666670000001,579.0,B,C,A,3.0,492.0,474.0,0
300,618,noto_sans,0.0,0.0,0.0,0.0,284.25,0.0,0.0,0.0,0.0,371.0,0.0,0.0,262.0,0.0,276.75,239.25,616,371.0,239.25,131.75,371.0,A,A,B,0.0,284.25,262.0,239.25
301,619,arial,232.5,0.0,0.0,0.0,0.0,0.0,0.0,225.5,233.75,245.0,0.0,0.0,0.0,0.0,231.75,0.0,616,245.0,225.5,19.5,232.5,B,A,B,12.5,225.5,233.75,0
302,620,noto_sans,0.0,0.0,0.0,0.0,272.25,0.0,0.0,276.75,0.0,209.75,223.0,0.0,0.0,0.0,207.5,0.0,616,276.75,207.5,69.25,209.75,B,B,C,67.0,272.25,276.75,223.0
303,621,times,0.0,0.0,0.0,0.0,509.75,0.0,0.0,0.0,0.0,417.25,0.0,0.0,407.0,0.0,329.25,441.0,616,509.75,329.25,180.5,329.25,C,B,C,180.5,509.75,407.0,441.0
304,622,lato,0.0,0.0,0.0,0.0,161.0,0.0,0.0,202.25,0.0,153.25,0.0,0.0,187.0,0.0,178.75,0.0,616,202.25,153.25,49.0,202.25,A,C,B,0.0,161.0,187.0,0
305,624,avenir_next,0.0,0.0,272.5,0.0,0.0,0.0,0.0,282.5,243.25,384.0,0.0,0.0,0.0,0.0,329.75,0.0,616,384.0,243.25,140.75,272.5,B,A,B,111.5,282.5,243.25,0
306,626,garamond,0.0,0.0,0.0,0.0,0.0,235.75,0.0,0.0,255.0,221.0,0.0,0.0,254.75,0.0,254.0,0.0,616,255.0,221.0,34.0,235.75,B,C,B,19.25,255.0,254.75,0
307,632,montserrat,0.0,0.0,0.0,0.0,117.3333333,0.0,0.0,0.0,112.3333333,108.3333333,0.0,0.0,0.0,0.0,109.6666667,108.5,616,117.3333333,108.3333333,9.0,112.3333333,B,C,B,5.0,117.3333333,108.5,0
308,633,noto_sans,0.0,0.0,0.0,0.0,0.0,0.0,0.0,0.0,186.0,199.25,0.0,0.0,242.25,0.0,196.0,188.25,616,242.25,186.0,56.25,199.25,B,B,B,43.0,186.0,242.25,188.25
309,635,avenir_next,0.0,0.0,453.75,0.0,516.6666667,0.0,0.0,0.0,0.0,491.25,0.0,0.0,0.0,0.0,530.25,341.5,616,530.25,341.5,188.75,453.75,B,B,A,76.5,516.6666667,341.5,0
310,636,roboto,0.0,0.0,0.0,0.0,118.6666667,0.0,0.0,0.0,0.0,150.5,147.6666667,0.0,0.0,135.3333333,146.75,0.0,616,150.5,118.6666667,31.833333300000007,135.3333333,B,A,B,15.166666700000007,118.6666667,147.6666667,0
311,640,times,0.0,0.0,0.0,0.0,0.0,0.0,0.0,276.6666667,533.75,339.5,335.75,0.0,0.0,0.0,293.5,0.0,616,533.75,276.6666667,257.0833333,293.5,B,B,B,240.25,276.6666667,533.75,335.75
312,642,avantgarde,0.0,292.5,0.0,0.0,0.0,0.0,0.0,404.0,365.5,357.25,0.0,0.0,0.0,0.0,384.5,0.0,616,404.0,292.5,111.5,292.5,C,B,B,111.5,404.0,365.5,0
313,643,times,0.0,0.0,0.0,0.0,258.25,0.0,0.0,260.0,0.0,290.25,0.0,0.0,295.75,0.0,315.5,0.0,616,315.5,258.25,57.25,315.5,A,B,A,0.0,258.25,260.0,295.75
314,644,arial,257.25,0.0,0.0,0.0,0.0,260.75,0.0,0.0,0.0,267.0,0.0,0.0,0.0,0.0,261.0,281.25,616,281.25,257.25,24.0,257.25,C,B,B,24.0,260.75,281.25,0
315,645,noto_sans,0.0,0.0,0.0,0.0,480.6666667,561.0,0.0,0.0,0.0,616.0,0.0,0.0,347.6666667,0.0,509.0,0.0,616,616.0,347.6666667,268.3333333,616.0,A,A,B,0.0,480.6666667,561.0,347.6666667
316,649,lato,0.0,0.0,0.0,0.0,0.0,0.0,294.75,261.5,0.0,308.25,0.0,272.5,0.0,0.0,303.0,0.0,538,308.25,261.5,46.75,261.5,C,A,B,46.75,294.75,272.5,0
317,654,roboto,0.0,0.0,0.0,0.0,327.0,0.0,0.0,275.0,0.0,328.75,0.0,0.0,0.0,262.25,287.0,0.0,538,328.75,262.25,66.5,262.25,C,A,B,66.5,327.0,275.0,0
318,656,avenir_next,0.0,0.0,266.5,0.0,0.0,0.0,282.0,336.75,0.0,277.75,0.0,0.0,0.0,0.0,281.25,0.0,538,336.75,266.5,70.25,266.5,C,B,B,70.25,282.0,336.75,0
319,657,arial,353.0,0.0,0.0,0.0,404.0,0.0,374.75,0.0,0.0,371.25,0.0,0.0,0.0,0.0,350.25,0.0,538,404.0,350.25,53.75,353.0,B,B,C,51.0,404.0,374.75,0
320,660,calibri,0.0,0.0,0.0,232.25,0.0,0.0,0.0,291.0,267.0,251.5,0.0,0.0,0.0,0.0,229.75,0.0,538,291.0,229.75,61.25,232.25,B,B,C,58.75,291.0,267.0,0
321,661,times,0.0,0.0,0.0,0.0,0.0,0.0,0.0,236.25,238.75,221.75,0.0,240.25,0.0,0.0,230.75,0.0,538,240.25,221.75,18.5,230.75,B,C,B,9.5,236.25,238.75,240.25
322,662,arial,226.75,0.0,0.0,0.0,235.5,0.0,0.0,0.0,0.0,188.25,0.0,0.0,0.0,0.0,253.25,166.25,538,253.25,166.25,87.0,226.75,B,B,A,26.5,235.5,166.25,0
323,666,calibri,0.0,0.0,0.0,477.75,0.0,359.75,385.75,0.0,0.0,395.75,0.0,0.0,0.0,0.0,528.5,0.0,538,528.5,359.75,168.75,477.75,B,B,A,50.75,359.75,385.75,0
324,668,garamond,0.0,0.0,452.5,0.0,0.0,427.6666667,0.0,463.0,0.0,414.75,0.0,0.0,0.0,0.0,471.3333333,0.0,538,471.3333333,414.75,56.58333329999999,427.6666667,B,C,A,43.666666599999985,452.5,463.0,0
325,669,arial,245.5,0.0,0.0,0.0,0.0,0.0,0.0,0.0,0.0,242.0,266.25,0.0,0.0,0.0,211.75,236.75,538,266.25,211.75,54.5,245.5,B,B,C,20.75,266.25,236.75,0
326,670,garamond,0.0,0.0,346.25,0.0,0.0,454.25,0.0,0.0,0.0,502.0,499.6666667,0.0,0.0,0.0,371.0,0.0,538,502.0,346.25,155.75,454.25,B,A,B,47.75,346.25,499.6666667,0
327,671,noto_sans,0.0,0.0,0.0,0.0,268.5,0.0,0.0,248.75,0.0,266.25,0.0,0.0,210.75,0.0,248.0,0.0,538,268.5,210.75,57.75,266.25,B,B,B,2.25,268.5,248.75,210.75
328,672,avenir_next,0.0,0.0,284.75,0.0,307.75,0.0,0.0,0.0,0.0,287.25,0.0,0.0,341.25,0.0,299.25,0.0,538,341.25,284.75,56.5,284.75,C,B,B,56.5,307.75,341.25,0
329,673,times,0.0,137.75,0.0,0.0,166.25,161.75,0.0,0.0,0.0,164.75,0.0,0.0,0.0,0.0,146.0,0.0,538,166.25,137.75,28.5,146.0,B,B,B,20.25,137.75,166.25,161.75
330,674,times,0.0,0.0,0.0,0.0,0.0,485.3333333,0.0,278.5,0.0,328.25,0.0,308.25,0.0,0.0,385.75,0.0,538,485.3333333,278.5,206.8333333,385.75,B,B,B,99.58333329999999,485.3333333,278.5,308.25
331,675,roboto,0.0,0.0,172.5,0.0,0.0,0.0,0.0,0.0,0.0,171.25,0.0,0.0,0.0,154.5,161.0,205.5,538,205.5,154.5,51.0,154.5,C,B,B,51.0,172.5,205.5,0
332,676,avenir_next,0.0,255.25,266.25,0.0,0.0,0.0,0.0,0.0,243.25,305.0,0.0,0.0,0.0,0.0,265.5,0.0,538,305.0,243.25,61.75,266.25,B,A,B,38.75,255.25,243.25,0
333,682,calibri,0.0,0.0,0.0,287.5,369.0,0.0,0.0,0.0,0.0,306.0,0.0,0.0,0.0,0.0,303.75,301.25,538,369.0,287.5,81.5,287.5,C,B,B,81.5,369.0,301.25,0
334,683,poynter_gothic_text,0.0,0.0,0.0,0.0,0.0,316.25,0.0,0.0,0.0,266.5,335.25,0.0,338.5,0.0,306.5,0.0,538,338.5,266.5,72.0,338.5,A,C,B,0.0,316.25,335.25,0
335,684,utopia,0.0,0.0,0.0,0.0,0.0,0.0,207.6666667,0.0,0.0,178.3333333,0.0,0.0,164.75,0.0,152.6666667,191.3333333,538,207.6666667,152.6666667,55.0,191.3333333,B,B,C,16.333333400000015,207.6666667,164.75,0
336,685,noto_sans,0.0,171.25,0.0,0.0,204.5,0.0,0.0,0.0,203.5,195.75,0.0,0.0,0.0,0.0,197.25,0.0,538,204.5,171.25,33.25,195.75,B,B,B,8.75,171.25,204.5,203.5
337,686,calibri,0.0,325.0,0.0,260.0,0.0,0.0,0.0,0.0,0.0,463.0,271.6666667,0.0,0.0,0.0,410.0,0.0,538,463.0,260.0,203.0,260.0,C,A,B,203.0,325.0,271.6666667,0
338,687,garamond,0.0,0.0,360.25,0.0,0.0,328.25,0.0,0.0,0.0,470.75,0.0,0.0,0.0,0.0,297.75,345.0,538,470.75,297.75,173.0,328.25,B,A,C,142.5,360.25,345.0,0
339,688,avenir_next,0.0,0.0,169.0,0.0,0.0,0.0,184.0,0.0,0.0,217.25,0.0,0.0,213.75,0.0,235.5,0.0,538,235.5,169.0,66.5,169.0,C,B,A,66.5,184.0,213.75,0
340,689,helvetica,0.0,0.0,0.0,0.0,0.0,367.0,414.75,0.0,0.0,423.75,0.0,0.0,345.5,0.0,484.5,0.0,538,484.5,345.5,139.0,414.75,B,B,A,69.75,367.0,345.5,0
341,693,avenir_next,0.0,0.0,196.5,0.0,212.5,0.0,0.0,0.0,0.0,188.0,175.5,0.0,0.0,0.0,217.0,0.0,538,217.0,175.5,41.5,196.5,B,B,A,20.5,212.5,175.5,0
342,696,avenir_next,0.0,0.0,125.25,0.0,0.0,0.0,0.0,0.0,164.5,161.5,0.0,0.0,136.3333333,0.0,226.3333333,0.0,538,226.3333333,125.25,101.08333329999999,125.25,C,B,A,101.08333329999999,164.5,136.3333333,0
343,697,helvetica,0.0,0.0,0.0,0.0,0.0,0.0,413.25,450.5,0.0,288.0,0.0,432.0,0.0,0.0,359.3333333,0.0,538,450.5,288.0,162.5,413.25,B,C,B,37.25,450.5,432.0,0
344,698,helvetica,0.0,0.0,0.0,0.0,0.0,0.0,169.0,0.0,0.0,186.25,0.0,0.0,169.5,0.0,186.0,160.0,538,186.25,160.0,26.25,169.0,B,A,B,17.25,169.5,160.0,0
345,699,garamond,0.0,0.0,0.0,0.0,0.0,389.5,0.0,374.5,0.0,325.0,0.0,360.25,0.0,0.0,439.3333333,0.0,538,439.3333333,325.0,114.33333329999999,389.5,B,C,A,49.83333329999999,374.5,360.25,0
346,700,times,0.0,0.0,0.0,0.0,0.0,200.3333333,154.0,0.0,0.0,205.75,0.0,0.0,207.25,0.0,147.5,0.0,538,207.25,147.5,59.75,147.5,C,B,C,59.75,200.3333333,154.0,207.25
347,702,calibri,0.0,0.0,0.0,210.75,0.0,0.0,0.0,0.0,295.25,261.25,0.0,189.0,0.0,0.0,280.25,0.0,538,295.25,189.0,106.25,210.75,B,B,B,84.5,295.25,189.0,0
348,705,montserrat,0.0,0.0,229.25,0.0,0.0,0.0,0.0,0.0,186.75,223.75,0.0,189.0,0.0,0.0,233.25,0.0,538,233.25,186.75,46.5,186.75,C,B,A,46.5,229.25,189.0,0
349,706,arial,280.0,0.0,264.25,0.0,0.0,0.0,0.0,262.25,0.0,280.75,0.0,0.0,0.0,0.0,235.25,0.0,538,280.75,235.25,45.5,280.0,B,A,C,0.75,264.25,262.25,0
350,707,avantgarde,0.0,207.0,0.0,0.0,0.0,0.0,202.75,0.0,0.0,223.0,0.0,0.0,0.0,0.0,259.25,279.0,538,279.0,202.75,76.25,207.0,B,B,B,72.0,202.75,279.0,0
351,709,roboto,0.0,0.0,0.0,0.0,401.5,538.0,0.0,0.0,0.0,420.0,0.0,0.0,0.0,500.0,396.25,0.0,538,538.0,396.25,141.75,500.0,B,B,C,38.0,401.5,538.0,0
352,710,avenir_next,0.0,0.0,201.75,0.0,192.25,0.0,0.0,0.0,0.0,205.5,175.5,0.0,0.0,0.0,209.0,0.0,209,209.0,175.5,33.5,201.75,B,B,A,7.25,192.25,175.5,0
