id_user,fastest_slowest_cohens_d,mann_whitney_stat,mann_whitney_p
82,1.6315729534751755,2.0,0.10589918915286134,2.0234948604992655,0.5675446070357602
83,0.835143876762571,3.0,0.09696542614120535,1.6977050413844976,0.7911344640944293
85,1.2285714285714286,4.0,0.156160710838108,3.8164533132530094,0.43141569784372735
86,1.3540280107636564,1.0,0.19323811538561636,3.34065934065935,0.5025160327910894
87,0.6817662826026967,5.0,0.23524321102939483,0.8441265060240951,0.9324362999007049
88,1.029566527648979,2.0,0.19136654444261297,2.532679738562088,0.6387936958178662
89,1.6423129108643388,1.0,0.12357998660595354,4.797182006204754,0.30874793842618037
93,3.2094750235836544,0.0,0.1226390584033864,5.345454545454544,0.2536518147228163
94,1.0790177568539303,4.0,0.156160710838108,3.6741911211437097,0.45189079982653324
95,1.2503056744859207,2.0,0.24372664518201748,2.014619883040929,0.733069729003471
96,1.6962559347101642,1.0,0.030300984856003035,4.043859649122801,0.4001026329134304
97,1.3925133695657157,2.0,0.056175598845231926,2.7086480362537744,0.6077021675743872
100,0.41373426058290586,7.0,0.44261695723660077,1.1033182503770682,0.8937453718087616
101,1.0577661226042907,5.0,0.23524321102939483,0.6578947368421026,0.956418029774999
102,1.6694155194508924,1.0,0.030300984856003035,7.373401053423632,0.11742309101454407
106,2.943796675150786,0.0,0.1226390584033864,4.903846153846153,0.2973065291964839
107,0.7541719506403998,5.0,0.23524321102939483,2.2172004132231398,0.6958815022952805
110,2.446869766756563,0.0,0.1226390584033864,3.963636363636361,0.41094950158418675
111,1.2816310409006173,3.0,0.09696542614120535,1.7894736842105203,0.7744076357797602
112,1.088655187274683,3.0,0.188379558905791,1.576923076923073,0.6646336025834756
113,0.5852882278737594,7.5,0.5,0.7547063253012026,0.9444150826572277
114,1.1579528265320926,4.0,0.29628013845832557,1.6909569798068478,0.7923596379501555
115,0.8368999677557735,3.0,0.09563349343943439,1.8442437923250552,0.7643785210524587
117,2.551203517065578,0.0,0.02591496360895484,7.991666666666667,0.046184244885045155
118,1.4688429108240524,2.0,0.056175598845231926,5.844503012048196,0.2110657350879077
119,1.3171640745154787,1.0,0.12357998660595354,4.8608810240963845,0.3018721094481768
120,1.2124488857326792,2.0,0.055105091336710564,1.9788679245283056,0.7396458376918514
121,0.8380762121150219,4.0,0.156160710838108,2.0352033132530134,0.7292839261727131
123,0.4714267415408477,6.0,0.33250277105101456,0.8857142857142861,0.9266013323909235
124,2.8324063850922947,0.0,0.02591496360895484,6.386842105263156,0.1720613514151873
126,1.125221591918476,0.0,0.27014568730370997,2.785060975609754,0.5944141974799062
127,0.8306963836765597,3.0,0.09696542614120535,3.328571428571422,0.5044181373597891
128,1.473261180976325,0.0,0.14442218317324246,2.4820936639118503,0.6478450448382198
129,1.7124912707793518,2.0,0.056175598845231926,4.25677200902935,0.3723694447580731
130,0.5989536731297582,6.0,0.3315586226601911,0.47178329571105754,0.9761891050040838
132,3.8301502270043297,0.0,0.1226390584033864,7.769230769230774,0.10040685108258263
134,0.6387897193714636,4.0,0.156160710838108,3.667657704239911,0.45284738731735896
136,1.3577460079174573,1.0,0.34926767915166934,1.4669894366197227,0.8324723432443197
138,0.9613103073220655,5.0,0.08290328009700676,4.920961876097326,0.29550386603212603
141,0.9789473174520117,2.0,0.24372664518201748,1.7105263157894726,0.7888046286058525
144,2.259834294164861,0.0,0.05259625256002073,9.153846153846153,0.05736701040352951
145,1.6549445798355236,0.0,0.05259625256002073,6.083145221971401,0.19302438814598466
147,0.9767767562355434,5.0,0.23524321102939483,2.3983371126228272,0.6629277982371049
148,1.11088047113846,2.0,0.10796246947007015,3.2289473684210535,0.5202681772122746
149,0.390832408476493,6.0,0.33250277105101456,1.2044770504138385,0.8773609519582681
150,1.0032352484624103,4.0,0.156160710838108,2.3195177091183146,0.6772178432495908
151,2.2167489414081327,0.0,0.02591496360895484,10.029683377308716,0.03993062686228579
153,1.1878860169352048,0.0,0.1226390584033864,4.472727272727269,0.3457935800851175
157,3.3516130510051605,0.0,0.07445733658938286,6.89166666666668,0.141725101106395
158,2.047347620940595,0.0,0.03337650758481726,8.7231835399449,0.06840352866823401
159,1.6256298856751836,2.0,0.056175598845231926,4.9685884177869655,0.2905357322283501
164,0.852979446090117,1.0,0.34926767915166934,2.6153846153846203,0.6241002393738814
165,0.8091935938015148,5.0,0.23391253864248512,1.3867569601203917,0.8464934238789734
167,0.9544799780350297,2.0,0.12167250457438122,1.9865563598759044,0.7382316830667432
170,3.1824676700569343,0.0,0.1226390584033864,5.417982456140357,0.24703350726669057
172,1.193348509151533,3.0,0.1862279349906848,4.290605794556632,0.3681029218325821
173,0.8118284579877132,5.0,0.23524321102939483,1.8333333333333286,0.6077082320604053
174,1.5573408447997195,1.0,0.12016336060820376,1.6131400602409585,0.8064285374157296
177,1.2857798884025806,1.0,0.12357998660595354,3.951775853413661,0.4125716177531905
179,1.550436056000448,2.0,0.056175598845231926,2.6857142857142833,0.6117167336807887
180,1.2087741728305894,1.0,0.36183680491588155,4.618421052631575,0.32873580436464855
183,0.674336475979993,1.0,0.34926767915166934,0.7636363636363654,0.9432555589408356
186,0.5518339781808571,1.0,0.34926767915166934,1.1346153846153868,0.8887419188306334
187,1.2724605410220602,1.0,0.12357998660595354,3.186401240951394,0.5271301764080312
189,1.3942769683469671,0.0,0.1226390584033864,2.9038461538461533,0.5740433109421811
190,0.7740908927140064,6.0,0.33250277105101456,0.7625387797311239,0.8584046473206113
192,1.7356150967924107,0.0,0.05259625256002073,2.0999999999999943,0.7173723856778695
198,0.4447929752625057,1.0,0.27014568730370997,0.0,1.0
200,0.7614080446739881,3.0,0.20232838096364308,2.9928571428571473,0.559021451177407
201,3.193161007285729,0.0,0.015191410988288745,9.639390519187355,0.04696055147079102
204,2.084979942650899,0.0,0.014700524095169821,5.025766871165641,0.2846638570592774
207,0.8673741079922092,5.0,0.2569454456288568,1.4620199548192792,0.8333471830474355
210,1.3890866919433842,2.0,0.056175598845231926,6.144052863436125,0.18864550474493133
211,0.6190632167048534,3.0,0.1862279349906848,3.1108179419525053,0.5394545765908441
212,0.8094771531832166,5.5,0.28068160511706186,0.9915222305953274,0.911078760209434
213,0.778562817369774,4.0,0.156160710838108,2.1857142857142833,0.7016455223194705
214,2.063030604188521,0.0,0.27014568730370997,2.477215389467043,0.6487203252531359
216,0.5275319113105257,3.0,0.40848066085769563,1.0701754385964861,0.8989748739675489
219,6.550323331813121,0.0,0.1226390584033864,4.384615384615387,0.3564491726398471
220,2.9525993522695964,0.0,0.05259625256002073,4.689958592132503,0.19595946122770044
222,1.4541699779927226,0.0,0.1226390584033864,3.8461538461538467,0.4272268591322014
223,0.6066257050764869,2.0,0.38641499634222376,0.9696969696969759,0.8085838333801173
228,2.0,0.0,0.5,1.2857142857142847,0.7325281239407653
230,2.242271970301186,0.0,0.03337650758481726,4.981818181818184,0.08283462812822324
231,0.735366540624512,4.0,0.156160710838108,2.721950301204818,0.6053790928078833
234,0.9552368271908803,5.0,0.23524321102939483,2.9575471698113187,0.564954733208336
235,1.2611294129208614,2.0,0.16646080403278296,3.575478645066274,0.46649483348500165
238,0.13830967326914712,2.0,0.24372664518201748,0.5701754385964861,0.9663195143755187
240,0.9432329965625759,1.0,0.34926767915166934,1.4423076923076934,0.8368094108873161
243,1.343656945105721,1.0,0.34926767915166934,3.1932773109243673,0.5260174606328072
246,2.594366839830269,0.0,0.1226390584033864,3.463636363636361,0.32550907736199086
247,1.3829178195423482,4.0,0.156160710838108,7.142884036144574,0.1285273800687673
248,1.5375857639708836,1.0,0.030300984856003035,5.614285714285714,0.2298648260659966
249,1.6174743091300159,1.0,0.12357998660595354,6.597619047619048,0.15874257810933556
250,0.8917391694100641,2.0,0.056175598845231926,2.646216768916158,0.6186582402689087
251,0.7784234915504862,4.0,0.156160710838108,3.2059819413092487,0.5239653024925048
252,0.7253448746965038,6.0,0.33250277105101456,5.125000000000007,0.27471050238712746
254,0.6292633559464815,4.0,0.1796526159202151,1.5082768999247511,0.8251743139880467
255,0.5895329126528954,7.0,0.44261695723660077,1.6619638826185021,0.797614773221364
257,0.8701038550259746,2.0,0.24372664518201748,1.461538461538467,0.8334319039738768
258,1.6008030183979653,1.0,0.12357998660595354,4.3304924242424265,0.3631223796866139
261,1.2541042061060241,1.0,0.34926767915166934,3.3201219512195093,0.5057504415285232
264,1.2020781656102135,2.0,0.24372664518201748,2.614465763732127,0.624262727221474
265,0.42653171198046813,2.0,0.34926767915166934,0.5472515060240958,0.9687409924590268
267,0.49774903948844246,1.0,0.34926767915166934,0.591516177577122,0.9640017508228429
268,1.071454168449457,5.5,0.09696542614120535,4.162847222222227,0.3844152580511072
270,2.1101215465017185,0.0,0.14442218317324246,4.93181818181818,0.2943651931872741
271,2.09959541815166,1.0,0.05580588414914612,4.425357873210634,0.35149008077721894
272,1.9091262140667584,0.0,0.015191410988288745,4.885816403310756,0.2992153651864183
273,1.167448098252306,4.0,0.156160710838108,3.148796087283673,0.5332407296982218
275,0.39730834641165724,6.0,0.33250277105101456,0.8891820580474916,0.9261076740579416
276,1.8759612920395692,2.0,0.056175598845231926,3.784988713318286,0.4358857428757137
277,1.4192898499720175,1.0,0.030300984856003035,3.456170052671175,0.48457400276568574
279,0.40282550632471226,2.0,0.34926767915166934,0.981818181818177,0.9125403011314026
281,0.821953912674062,4.0,0.156160710838108,2.826008273009302,0.5873516146902492
282,0.6265569118246599,5.0,0.23524321102939483,1.621514694800306,0.8049201768607724
287,0.8818293172344192,2.0,0.24372664518201748,1.211538461538467,0.7502382631073763
289,1.1696251397950554,2.0,0.24372664518201748,3.1842105263157876,0.5274849869969398
291,1.195881842289656,3.0,0.09696542614120535,3.040476190476184,0.5510748054700898
292,1.6705567264323595,2.0,0.056175598845231926,4.77655838454785,0.3110016651431628
293,0.7619276553337081,2.5,0.15720632748936786,1.4366174987392804,0.8378064032734381
294,0.7577753598917474,3.0,0.40848066085769563,1.2229038854805678,0.8743134384772325
295,0.785684573343599,6.0,0.11976277209677788,2.640876004016076,0.619599461108864
297,1.4280279348738765,1.5,0.17377901837058463,4.447163654618473,0.34885855786637054
299,3.8416861279136363,0.0,0.1226390584033864,8.61538461538462,0.07146587895804764
301,0.44899344410107944,6.0,0.33250277105101456,0.7439759036144552,0.9457971103476946
303,2.211530012447935,0.0,0.1226390584033864,2.1666666666666643,0.538543805409863
307,1.228935447806973,0.0,0.27014568730370997,1.8000000000000007,0.7724823535071381
308,1.1227138287154803,3.0,0.09696542614120535,2.2338224228743457,0.6928420963765503
309,0.7516703145953434,6.0,0.33250277105101456,1.7000000000000028,0.7907176241051438
311,1.313014120577328,3.0,0.09696542614120535,3.784210526315789,0.4359967187454089
312,0.735885733916064,5.0,0.23524321102939483,2.5912340105342304,0.6283767636579951
314,0.6259611520075448,6.0,0.33250277105101456,2.885714285714286,0.5771293687091629
315,3.1429302282644653,0.0,0.05259625256002073,7.832674943566583,0.09790343582622928
316,0.25342196158787345,11.0,0.4575530172102528,0.5785714285714292,0.9654148640245644
317,2.2960688769497,0.0,0.04042779918502612,5.730994152046783,0.2201586639769183
318,2.0,0.0,0.5,1.0,0.31731050786291115
319,1.2108348642607927,1.0,0.12357998660595354,7.814801178203242,0.09860274292275792
320,1.1808718540791106,4.0,0.156160710838108,4.292513167795332,0.36786354036217933
321,1.2409380315998697,3.0,0.09696542614120535,4.242857142857147,0.3741352937670965
322,0.5503632705060473,4.0,0.29628013845832557,1.5672801635991818,0.8146605008796008
323,0.386329782135047,6.0,0.33250277105101456,0.6612114371708041,0.9560247735420763
325,0.7176772003019243,2.0,0.24056000056361937,1.4995764307228878,0.8267164946322032
327,1.315527210209879,2.5,0.07324459196760427,3.273546273546278,0.513134510793227
328,0.4902062734995222,6.0,0.33250277105101456,0.2142857142857153,0.9946541772067929
331,1.1344716902521967,1.0,0.34926767915166934,1.179878048780487,0.881400324567404
334,0.9882097606773821,1.0,0.5,0.5333333333333314,0.7659283383646494
337,0.6126782084699022,3.0,0.40848066085769563,1.0844524793388384,0.8967310838073779
339,0.8943159563900658,3.0,0.188379558905791,2.0373134328358224,0.7288958544015554
340,1.4329051543283222,2.0,0.056175598845231926,3.4061324303987925,0.49229386644393935
342,1.3300298302216584,3.0,0.09696542614120535,2.662716328066207,0.615754358738819
344,1.176811605375626,3.0,0.09696542614120535,3.1940888554216893,0.5258862271383884
345,1.3821225392829481,2.0,0.10796246947007015,2.588235294117645,0.6289085986608809
346,0.7137382960730321,4.0,0.156160710838108,4.484917043740577,0.3443396766196684
347,1.1971504345487571,2.0,0.38641499634222376,3.314102564102569,0.34568464862158915
348,0.8906290958084756,7.0,0.07406283855052152,2.2533885542168672,0.6892677439636548
350,0.6631962135800501,2.0,0.19136654444261297,2.0329670329670293,0.7296952078604443
352,1.7162825601173837,1.0,0.12357998660595354,4.791666666666664,0.3093493236288286
353,0.853184154853058,2.0,0.24372664518201748,4.429824561403507,0.3509497571553757
354,1.1973810553530908,3.0,0.09696542614120535,5.265060240963851,0.2611655681348277
355,0.6018254005244027,4.0,0.4232252984382953,0.37142857142857366,0.9460793350147313
358,2.0,0.0,0.5,2.583333333333332,0.6297783721154975
359,1.2336594280495667,3.0,0.09696542614120535,2.900790662650603,0.5745627512545302
364,4.098568608927076,0.0,0.1226390584033864,5.018181818181816,0.28543700979531783
368,1.9034919908611068,0.0,0.27014568730370997,3.31818181818182,0.5060566759243625
369,0.8539575179394249,4.0,0.156160710838108,2.7190476190476147,0.6058856624913175
371,1.2975726590295553,4.0,0.156160710838108,2.9970544918998594,0.5583184450747687
372,1.016158404818225,4.0,0.156160710838108,2.3356551204819263,0.674285263186483
373,0.6291176755896569,6.0,0.33250277105101456,1.3566632231404918,0.8516910800989483
374,3.6791183185934573,0.0,0.1226390584033864,0.7052631578947341,0.9506782837925034
375,1.3023881070673926,3.0,0.09696542614120535,3.528571428571425,0.473547315663289
378,1.0994706484536305,6.0,0.3472088427592585,1.727937370600408,0.7856367300407956
380,1.471591531098638,2.5,0.07324459196760427,3.19885864793679,0.5251153145150564
385,1.9833692465172608,0.0,0.27014568730370997,3.6244292237442934,0.45921245052830384
386,3.573586767948933,0.0,0.02591496360895484,6.438445807770963,0.1687103501699528
387,0.5076813274795667,6.0,0.33250277105101456,0.3645598194130922,0.9852742910388513
388,0.8997058707700678,1.0,0.12357998660595354,4.6171668137687565,0.3288796887281393
392,0.2571428571428571,2.0,0.34154569915480437,1.849693251533743,0.7633792377439484
393,1.0918058850536194,2.0,0.24372664518201748,1.675438596491226,0.7951742489479067
395,0.9392907745983543,4.0,0.156160710838108,2.9261904761904702,0.5702522614053264
396,2.752937130976645,0.0,0.05259625256002073,6.664285714285711,0.1547289269685779
399,0.81240083602819,2.0,0.34926767915166934,0.356707317073168,0.9858654453112936
400,1.204034227670451,3.0,0.09696542614120535,1.440368698269378,0.8371492706387305
402,0.7132409080962301,3.0,0.40848066085769563,0.4357142857142833,0.9794498242963355
403,0.26078807499311163,6.0,0.33250277105101456,0.13224228743415656,0.9979080100989471
405,2.974879539961335,0.0,0.1226390584033864,8.274999999999991,0.08200841457800874
406,2.4395686785722086,0.0,0.05259625256002073,6.229054308290481,0.1826829331672551
407,0.6257856879033146,2.0,0.24372664518201748,1.461904761904762,0.8333674524465151
408,0.7058009901236562,5.0,0.23524321102939483,2.1837848006019493,0.7019990071232902
410,0.7382587156035104,3.0,0.3312602917700287,2.9019607843137223,0.5743637988164354
411,1.095216658265103,3.0,0.09696542614120535,3.3041918429002988,0.5082683716224097
414,2.7671226645624274,0.0,0.1226390584033864,5.742331288343557,0.21923523736240877
418,0.7863342889537246,1.5,0.5,2.8435582822085848,0.5843374201479085
420,0.6737935315013721,5.0,0.2569454456288568,1.277634297520655,0.7344507607248731
422,1.044299213138096,4.0,0.156160710838108,2.5714285714285694,0.6318926780104333
423,1.4946978857285516,2.0,0.056175598845231926,3.457515495867764,0.48436754028996676
424,0.5549034948196396,6.0,0.33250277105101456,0.6578947368421026,0.956418029774999
426,1.0478831756082048,1.0,0.34926767915166934,1.1346153846153868,0.8887419188306334
427,1.564068005181429,2.0,0.056175598845231926,2.212377727614751,0.6967638218625833
431,0.6158688913627023,6.0,0.33250277105101456,1.3857142857142861,0.8466741032320337
433,1.1276809717913585,2.0,0.24372664518201748,4.207925758715831,0.37859689705584854
436,2.0,0.0,0.5,1.1777777777777736,0.8817436345874854
439,0.9826557485474553,3.0,0.11999252152377249,5.217667545180725,0.2656836118885065
440,3.2616143591382,0.0,0.028519937124527765,7.013263219398192,0.13518898282213432
443,1.3481055576540548,0.0,0.1226390584033864,0.981818181818177,0.9125403011314026
444,0.690960064673918,4.0,0.156160710838108,2.328571428571422,0.6755721406294448
447,1.377702989076313,2.0,0.19136654444261297,1.9090909090909065,0.5914878943772339
449,1.0267852030303954,2.0,0.24372664518201748,3.5727272727272705,0.3114514129313236
450,0.5313273670511603,2.0,0.24372664518201748,1.5570836473247949,0.8164839733202385
454,0.38358148067019626,3.0,0.40848066085769563,0.6923076923076934,0.9522741407362367
455,1.5847411011645325,2.0,0.056175598845231926,5.814285714285717,0.21345345545219144
456,0.5308910160677022,1.0,0.34926767915166934,0.32435101580134895,0.9881884887185941
457,1.4601155004874806,2.0,0.056175598845231926,3.070175438596486,0.5461511666389666
461,1.1036692518160005,4.0,0.156160710838108,1.8421052631578902,0.7647706070737375
462,0.4083045346317215,2.0,0.24372664518201748,0.9938509544787083,0.9107269479790252
463,0.7822629150433756,4.0,0.29794154528258887,1.7222017673048593,0.786680804410666
470,0.4283893778618985,5.0,0.43381616738909634,0.2307692307692335,0.8910233766955552
471,0.7543589984338223,5.0,0.23524321102939483,1.9779743975903556,0.7398101831502497
472,1.4605485335854174,1.0,0.030300984856003035,8.130082831325305,0.08692765124653949
474,3.3157894736842106,0.0,0.11033568095992341,5.378048780487804,0.2506588669595788
476,0.7369727995650437,1.0,0.34926767915166934,2.6776315789473712,0.613134434586158
477,1.1295483089021006,4.0,0.156160710838108,2.824561403508767,0.5876004596209621
478,1.198778143417496,2.0,0.24372664518201748,2.120604963805584,0.7135878858228862
483,2.3786229764258056,0.0,0.05259625256002073,5.596153846153847,0.23140587923259273
484,1.2986154480745558,1.0,0.34926767915166934,2.0625,0.7242644919736423
486,2.0481368387138,0.0,0.05259625256002073,5.489010989010993,0.24069711251932033
490,2.441243957186105,0.0,0.1226390584033864,4.799999999999997,0.3084410411840028
491,1.3247648017640263,1.0,0.34926767915166934,4.157142857142858,0.3851564124566245
492,1.2158604293413333,2.0,0.056175598845231926,5.226769911504431,0.2648107227782463
495,2.2110628849322156,0.0,0.05259625256002073,7.4309646539028,0.11479227138195665
496,1.9797913986198001,0.0,0.07445733658938286,6.579749103942658,0.15983439013933454
497,1.22893231981505,3.0,0.09696542614120535,5.717194570135749,0.2212872682333013
498,1.012060196998827,4.0,0.156160710838108,3.9649122807017534,0.4107752828224137
500,0.7788491098382536,7.0,0.44261695723660077,5.193190368698272,0.26804307908181635
501,1.1137090157247462,3.0,0.09696542614120535,3.1702407825432672,0.5297509379040151
507,2.0,0.0,0.5,2.2348484848484915,0.6926545614358197
509,1.2001278429401516,5.0,0.03726578552730971,3.8535714285714278,0.27771606607526245
510,0.8932150326068806,5.0,0.23524321102939483,1.9571428571428555,0.7436414034186074
511,1.3671731208870033,2.5,0.07324459196760427,5.0292012057272,0.284314371663245
512,0.9110600901174839,2.0,0.24372664518201748,2.2894736842105203,0.6826861911483728
514,0.9188973129096568,2.0,0.10796246947007015,2.8421052631578974,0.5845866783154564
515,1.9995999599919978,0.0,0.05259625256002073,3.3333333333333286,0.503668274233499
516,0.7297280079584797,4.0,0.156160710838108,2.0551166290443965,0.7256220107127984
517,1.1396551594307014,2.5,0.07324459196760427,3.1296226415094384,0.536372496031897
518,2.763280906525586,0.0,0.02591496360895484,5.695906432748529,0.2230382847974059
519,0.9974773193117764,3.0,0.09696542614120535,1.74774266365688,0.7820279401267926
521,0.748617112594768,3.0,0.188379558905791,2.5973684210526358,0.627289367484837
522,1.3729369075862115,3.0,0.09696542614120535,3.8493227990970693,0.4267816792140391
523,0.8377828094501617,4.0,0.156160710838108,1.6583897667419125,0.7982615584396814
524,0.33249072552919906,7.0,0.44261695723660077,0.9471407072987189,0.91770243512772
525,0.7899074117266229,6.0,0.33250277105101456,1.1615876598946495,0.8843815559728437
527,1.8370811053368081,1.0,0.030300984856003035,7.462753950338599,0.058523225038459865
529,1.8629760325651104,0.5,0.021033206103390413,10.083458929917104,0.039045050490199504
532,1.8829464071528605,0.0,0.27014568730370997,4.555008944543828,0.3360745827840744
534,2.215374080766703,0.0,0.015191410988288745,7.9105263157894825,0.09491126448312699
536,1.0323766149014804,1.0,0.12357998660595354,5.900000000000002,0.2067418384963078
538,0.8751895712631049,4.0,0.156160710838108,2.6001227341389654,0.4574680304046802
539,1.589351582391719,1.0,0.05580588414914612,4.8296703296703285,0.18470292709914293
543,0.5512167572441342,6.0,0.33250277105101456,0.15045248868778138,0.9973084835897393
544,1.2255301178028777,3.0,0.09563349343943439,3.482856066314991,0.48048990097233557
548,2.5282233086530255,0.0,0.05259625256002073,9.193984547461366,0.05642951655205239
549,1.310240644096686,2.0,0.24372664518201748,1.5175438596491162,0.8235293153858505
550,0.6769772374792846,5.0,0.23524321102939483,1.1842105263157876,0.8806913474496808
551,1.030681462865977,4.0,0.156160710838108,2.977238525206917,0.5616416763850103
552,1.0064416746255935,2.0,0.056175598845231926,2.96294206170053,0.5640459896245729
557,1.2664111592859235,1.0,0.34926767915166934,2.4393939393939448,0.6555201192504403
559,0.6365023521143288,2.0,0.34926767915166934,0.5714285714285694,0.9661850910967964
561,1.5251025795587274,1.0,0.12357998660595354,1.883522727272724,0.7571712092111018
563,2.2144388234558896,0.0,0.14442218317324246,4.145833333333343,0.38662907743920033
564,1.8954748691819425,0.0,0.05259625256002073,4.588235294117652,0.3322128834385548
566,1.7456250601754622,0.0,0.27014568730370997,6.511111111111113,0.1640916383631272
568,1.0705950713186125,3.0,0.09696542614120535,3.1988337095560553,0.5251193433640948
569,0.9006870970158571,6.0,0.33250277105101456,1.5487575301204741,0.8179710003443942
570,0.45786824407244797,6.0,0.33250277105101456,0.5830195783132514,0.9649317785438821
571,1.7139346901305383,0.0,0.05259625256002073,7.297794117647058,0.1209634241286728
572,1.1464093629797056,2.0,0.19136654444261297,1.137362637362635,0.7680631000172459
576,0.2543555322849013,6.0,0.4298418975993331,0.0,1.0
577,2.103645093588444,0.0,0.27014568730370997,4.860276796230857,0.30193672952312367
578,1.28110907622046,3.5,0.12269172923668159,8.118026859504129,0.08734915293465458
579,2.718599401908197,0.0,0.05259625256002073,6.091728091728091,0.19240189148556844
580,1.8817107983938102,0.5,0.021033206103390413,7.401993980436419,0.11610940585781633
581,1.500820986026517,2.0,0.056175598845231926,3.9702560240963796,0.4100462252958761
582,1.632192233858491,0.0,0.27014568730370997,2.25,0.5221671895353914
583,0.972617275136943,3.0,0.40848066085769563,4.202871870397649,0.37924580350908155
585,1.8434443137511636,0.5,0.021033206103390413,8.942018072289159,0.06256520604220712
588,2.0314832687787026,0.0,0.05259625256002073,3.3859649122806985,0.495428042900387
592,1.6173997697303055,1.0,0.12357998660595354,3.171428571428571,0.5295580456173408
595,1.9481504164479888,1.0,0.030300984856003035,5.1616428033157415,0.27111039328357495
596,0.9165212937288636,3.5,0.12269172923668159,1.9050037622272349,0.753225735216291
597,1.3537671764420973,2.0,0.056175598845231926,2.5789473684210478,0.6305569987011479
598,0.6796252338861131,4.0,0.156160710838108,2.4571428571428555,0.6523261165332122
604,1.7034562583704227,0.0,0.1226390584033864,2.3323170731707266,0.6748915974126128
606,2.1147994878147833,1.0,0.030300984856003035,6.5087719298245545,0.1642385192027677
608,1.5193714854284819,2.0,0.10796246947007015,2.5,0.2865047968601901
609,1.3492312082156173,1.0,0.05580588414914612,4.425000000000004,0.3515334003971865
610,2.162637503030539,0.0,0.015191410988288745,3.9078947368421098,0.4186144283211969
612,2.4606646483482604,0.0,0.14442218317324246,5.56818181818182,0.1346169887910596
616,0.5400941579080024,1.0,0.34926767915166934,0.9021929824561459,0.9242459900954989
617,1.230094435582831,0.0,0.18554668476134878,2.969696969696969,0.5629092808685559
618,0.92243921553304,4.0,0.156160710838108,2.106617647058826,0.7161567070913412
619,0.5607787240925783,5.0,0.23524321102939483,1.3391012396694169,0.8547073754719643
620,1.9574138781010935,1.0,0.030300984856003035,4.792226239669419,0.3092882644769543
621,2.2545040225700537,0.0,0.015191410988288745,7.614285714285714,0.10677409371336062
622,1.6606989294388959,1.0,0.030300984856003035,8.519954819277103,0.07428466974813171
624,1.2375087995098917,1.0,0.34926767915166934,3.461538461538467,0.48375055287274715
626,1.3367813290234292,1.0,0.12357998660595354,2.8070175438596436,0.5906219682102803
632,2.182820625326997,0.0,0.1226390584033864,1.1111111111111065,0.8925053211471184
633,1.8223154270176227,1.0,0.030300984856003035,5.126431718061682,0.27456908038364586
635,1.5489903614217824,2.0,0.056175598845231926,5.757894736842104,0.21797311523849688
636,2.22737439363242,0.0,0.18554668476134878,3.918455575432329,0.4171541605454353
640,2.0997170611930605,0.0,0.27014568730370997,5.399999999999999,0.2486603971370742
642,2.778398288691778,0.0,0.015191410988288745,6.798600883652431,0.14692178567569414
643,1.226413151972391,2.0,0.24372664518201748,4.201704545454544,0.3793958073291027
644,0.42688393037814854,2.0,0.34926767915166934,0.4632352941176521,0.9769799183715642
645,2.2230895611095263,0.0,0.18554668476134878,8.218181818181812,0.08390505433180931
649,2.073413015669171,0.0,0.1226390584033864,5.127272727272725,0.2744860360994036
654,0.8881993470054443,2.0,0.24372664518201748,2.604395604395606,0.6260446595124691
656,0.984795612295023,4.0,0.156160710838108,1.7834838224228757,0.7755026645560751
657,0.7884154788253922,6.0,0.33250277105101456,1.776335590669668,0.7768089372069291
660,6.069912323620363,0.0,0.1226390584033864,4.5552147239263805,0.33605055515353505
661,0.9265020074316511,1.5,0.17377901837058463,2.1711956521739073,0.7043060516788422
662,4.779078998854179,0.0,0.05259625256002073,9.383402275077563,0.05219899879799084
666,1.3854572052232237,1.0,0.12357998660595354,3.211538461538467,0.5230693051701103
668,1.9762698283606388,0.0,0.27014568730370997,3.0448717948718027,0.5503444980050589
669,1.0401184312884217,2.0,0.24372664518201748,3.1692477876106233,0.5299122288693618
670,0.7586489440109997,4.0,0.29794154528258887,1.4869281045751634,0.8289544397010625
671,3.345611241272656,0.0,0.05259625256002073,4.929824561403507,0.294574020595017
672,1.0153296337568143,3.0,0.09696542614120535,3.034424379232507,0.552081182138342
673,1.5294028541589624,0.0,0.05010475592250727,4.893005181347147,0.29845305874605194
674,1.4973959600514917,2.0,0.10796246947007015,2.375816993464049,0.6670018672780078
675,1.3873592409834523,2.0,0.056175598845231926,4.585714285714289,0.3325046205905672
676,0.5514977659040308,6.0,0.33250277105101456,0.8142857142857096,0.9365226692718649
682,1.1379310344827587,0.0,0.11033568095992341,4.609756097560973,0.32973087908383253
683,1.3581682669665245,2.5,0.07324459196760427,4.431424265259977,0.35075640604489416
684,1.3709581842224667,1.0,0.19323811538561636,3.2965116279069826,0.5094851494390433
685,3.3993511112892074,0.0,0.05259625256002073,4.545077720207248,0.33723584162058523
686,1.1659315962807881,1.0,0.5,1.8106060606060552,0.6126296623632046
687,1.2403083212338868,1.0,0.12357998660595354,4.797794117647065,0.30868125420037484
688,1.7786641388957278,1.0,0.030300984856003035,7.545591559909567,0.10971562045445205
689,2.645979568202911,1.0,0.030300984856003035,7.742857142857147,0.10146500318181964
693,1.3240084513531085,1.0,0.34926767915166934,4.72109030837004,0.3171304913717738
696,1.0305908274645652,1.0,0.34926767915166934,2.509090909090908,0.643008668065983
697,1.5959199624771503,1.0,0.12357998660595354,2.8619047619047606,0.5811948117791326
698,1.2021674910638822,2.0,0.056175598845231926,7.708019578313251,0.10287869892170991
699,0.9643204876865138,2.0,0.10796246947007015,2.521978021978022,0.471332253481343
700,1.123639514026623,3.0,0.09696542614120535,4.752631578947373,0.3136333415063189
702,1.9523222512820455,0.0,0.05259625256002073,8.342857142857142,0.07979618348662952
705,0.7115286700694248,6.0,0.33250277105101456,4.909929701230229,0.2966647496109339
706,5.621119280481692,0.0,0.05010475592250727,6.399172699069283,0.17125522055673326
707,0.9995563366844749,2.0,0.24372664518201748,2.735294117647058,0.603052875311692
709,1.8972913977736652,0.0,0.07445733658938286,1.6914003044140065,0.6388473944428816
710,1.45573237133018,1.0,0.12357998660595354,3.0282079646017737,0.55311601263741
